"subject","body","tactic","target_poste"
"OBJET : Manque de congés pour les prochains jours","
Corps

Cher Sara Amrani,

Je vous écris par ce biais pour vous informer qu'il est de plus en plus difficile de gérer les congés de ces derniers jours, compte tenu de la demande constante de vacances des employés. En effet, la réduction de notre personnel et la mise à disposition de nos salariés pour les congés démontrent que nous ne sommes pas en mesure de répondre à leurs besoins de manière efficace.

Le nombre de congés demandés pour les prochains jours dépasse considérablement les besoins actuels, ce qui pose un problème de gestion pour notre équipe de gestion des congés. Il est donc important de prendre des mesures pour atténuer ce problème.

Je vous invite à prendre un tel problème sous le doigt dès aujourd'hui, pour discuter de la manière dont nous pouvons atténuer la demande de congés. Je serai à votre disposition dès le lendemain pour discuter de la mise en œuvre de mes solutions.

Cliquez ici pour vérifier/confirmer.","urgence","Responsable RH"
"Objet : Vérification de la mise en œuvre du test d'ingénierie sociale","
Amine Tazi
Comptable senior
[Inscription du corps à l'adresse e-mail]

Corps :

Objet : Vérification de la mise en œuvre du test d'ingénierie sociale

Cher Amine,

En tant que responsable de l'exercice d'ingénierie sociale autorisé pour ce projet de simulation de sécurité, je vous écris pour vous signaler que les virements fournisseurs ont été validés et que les déclarations de conformité aux exigences de l'Autorité sont à jour.

En effet, nous avons effectué des vérifications approfondies sur les fournisseurs et leurs conditions d'obtention de l'autorisation de la part de l'Autorité, garantissant ainsi que les virements respectent les exigences légales et réglementaires en vigueur.

En tant qu'expéditeur, vous devriez être informé que les virements fournisseurs sont à jour et que les déclarations de conformité sont disponibles sur le site Web de l'Autorité.

Il est important de rappeler que l'exercice de l'ingénierie sociale est une activité qui nécessite une grande précision et une respect des obligations légales. Nous nous engagons à maintenir les informations fournies par les fournisseurs à jour et à assurer une transparence maximale dans les processus de validation et de vérification.

Cliquez ici pour vérifier(confirmer) les déclarations de conformité et les virements fournisseurs.

Cordialement,

[Ton nom]  
Générateur de contenu de l'exercice d'ingénierie sociale","autorite","Comptable senior"
"OBJET : Réglementation de la migration du serveur de fichiers","
Cher Monsieur Benali,

Je vous écris pour vous informer que, comme prévu dans votre projet IT, nous sommes en cours de migration du serveur de fichiers vers un nouveau système. Cet exercise est autorisé par la Direction Générale de l'Information et de la Sécurité (DGIST), et nous avons été autorisés à utiliser le laboratoire de simulation de sécurité pour ce processus.

Nous avons identifié plusieurs étapes clés pour la migration efficace et nous vous invite à vérifier votre approche de la migration de fichiers, en particulier la mise en place des protocoles de stockage et de récupération pour garantir la sécurité et la fiabilité des données.

Pour ce faire, nous vous invitons à vous référer aux documents de référence liés à la migration du serveur de fichiers, notamment le rapport de préparation et le plan de migration. Nous vous assureons que ces documents seront disponibles dans le laboratoire de simulation de sécurité de manière accessible à tous les membres du personnel.

N'oubliez pas de vérifier également les normes de sécurité et de conformité pour les prochains tests de sécurité.

Cliquez ici pour vérifier/confirmer.

Cordialement,

[Votre nom]","autorite","Chef de projet IT"
"OBJET : gestion des congés et de la paie","
Corps :

Chère Sara,

Je vous écris pour vous informer qu'il est temps de réviser les règles concernant la gestion des congés et de la paie pour notre unité. Nous avons constaté des problèmes de cohérence dans la mise en œuvre de ces politiques, et je pense qu'il est nécessaire de les ajuster pour éviter tout malentendu.

Il est essentiel de prendre en compte les besoins individuels et les exigences de la fonction pour garantir une gestion efficace et transparente de ces activités. Je vous propose donc de considérer une approche plus personnalisée pour la gestion des congés et de la paie, en tenant compte des avantages sociaux et de l'impact sur la productivité.

Je suis convaincu que nous pouvons trouver des solutions qui répondent aux besoins de tous et garantissent une gestion équitable. Je suis ravi de discuter de cette question avec vous et de trouver des solutions qui fonctionneront bien pour notre unité.

Je vous appelle à vous contacter pour discuter plus en détail sur cette question et pour obtenir mon avis. Je suis prêt à répondre à vos questions et à discuter des avantages de cette approche.

Cliquez ici pour vérifier/confirmer.

Cordialement,
[Votre nom]","routine","Responsable RH"
"OBJET : Gestion des congés et de la paie","
Corps :

Cher Sara Amrani,

Je vous écris aujourd'hui pour vous informer de la gestion des congés et de la paie prévus pour le futur semestre. Nous avons constaté que la demande de congés pour ce semestre a été significativement supérieure à la disponibilité de nos salariés, ce qui a nécessité une prise de décision rapide pour éviter tout retard dans la remise des congés.

Nous avons décidé de mettre en œuvre une politique de congés pour éviter tout problème de non-paiement. Nous vous informons que les congés alloués pour le semestre seront répartis en deux catégories :

- 10 congés de 2 jours pour les salariés ayant une demande spécifique pour un congé de moins de 5 jours.
- 10 congés de 5 jours pour les autres salariés ayant une demande spécifique pour un congé de moins de 15 jours.

Les congés alloués pour le semestre seront répartis de la manière suivante :

- 40% pour les salariés ayant une demande spécifique pour un congé de moins de 5 jours.
- 30% pour les autres salariés ayant une demande spécifique pour un congé de moins de 15 jours.
- 30% pour les salariés ayant des congés répétitifs.

Nous vous informons que nous nous réunirons à plus d'une occasion pour discuter de cette politique et de ses implications financières. Nous sommes convaincus que cette politique sera bénéfique pour notre organisation et pour nos salariés.

Nous vous recommandons de nous contacter pour en savoir plus sur cette politique et sur l'ensemble du processus de gestion des congés.

Cliquez ici pour vérifier/confirmer.","routine","Responsable RH"
"OBJET : Délai de révision du PFE universitaire","
CORPS

Cher Nadia El Fassi,

Je vous écris pour vous informer qu'un délai très court de 48 heures est fixé pour réviser le projet de PFE universitaire présenté au comité de direction. Les informations requises pour la révision sont en attente de votre réponse, et il est de notre considération qu'elles soient traitées avec la rapidité et l'attention nécessaires.

Votre réponse sera nécessaire pour résoudre l'urgence de cette situation. Nous attendons votre réponse à ce sujet dès les prochains 48 heures.

Cliquez ici pour vérifier/confirmer.

Cordialement,","urgence","Assistante de direction"
"OBJET: Inscription d'été et congés","
Corps:

Cher Sara Amrani,

Je vous écris pour vous informer que, en raison des délais liés à la gestion des congés et de la paie, je ne serai pas en mesure de recevoir vos demandes d'inscription d'été et de congés à temps pour l'année scolaire 2023-2024. La gestion des ressources humaines nécessite une attention urgente et immédiate.

Si vous avez besoin de plus d'informations, n'hésitez pas à me contacter. Je serai à votre disposition pour discuter de vos besoins.

Cliquez ici pour vérifier/confirmer","urgence","Responsable RH"
"OBJET: Révision du plan de migration du serveur de fichiers","
Corps:

Cher Chef de projet Youssef Benali,

Je vous écris pour vous signaler quelques questions et préoccupations liées au plan de migration du serveur de fichiers. En effet, j'ai reçu un message de l'Autorité concernant la mise à jour de la politique de sécurité des serveurs, qui est directement liée au projet IT.

En effet, l'Autorité a signalé que certains aspects du projet sont susceptibles de nuire à la sécurité de l'entreprise, notamment en raison de la nature du contenu des fichiers et des données stockées sur le serveur. Dans ce contexte, je pense qu'il est essentiel de réviser et de moderniser le plan de migration pour répondre à ces préoccupations.

Je vous invite à prendre en compte les points suivants lors de la révision du plan :

- Mise à jour des politiques de sécurité et de confidentialité
- Identification et résolution des vulnérabilités techniques
- Planification de la mise en production et de l'entraînement des utilisateurs
- Suivi et évaluation du plan de migration

Il est important de prendre des mesures pour garantir la sécurité et la confidentialité des données de l'entreprise, et de ce fait, je pense qu'il est nécessaire de procéder à une révision approfondie du projet IT.

Je vous remercie de l'attention que vous porterez à ces questions et préoccupations. Je serais ravi de discuter de ce sujet en détail avec vous et de vous fournir une analyse plus détaillée de la situation.

Cliquez ici pour vérifier/confirmer.

Cordialement,

[Votre nom]","autorite","Chef de projet IT"
"OBJET : Mise à jour des accès VPN","
Corps :

Objet : Mise à jour des accès VPN

Bonjour Karim,

Avec les informations suivantes, je vous propose de mettre à jour les accès VPN pour garantir une sécurité et une confidentialité optimales pour vos activités de travail.

Il semblerait qu'il y ait une erreur de configuration des accès VPN, ce qui pourrait nécessiter une mise à jour de vos paramètres. Nous vous recommandons de consulter le document de configuration actuel de votre réseau pour savoir comment procéder.

Je vous recommande de vérifier votre connexion internet et de vérifier les paramètres de sécurité actuels de votre VPN. Si vous avez besoin de plus d'informations ou des conseils pour résoudre le problème, n'hésitez pas à contacter notre équipe de support technique.

Cliquez ici pour vérifier/confirmer.

Cordialement, [Votre Nom]","routine","Ingénieur réseau"
"OBJET: Gestion des congés et de la paie pour les salariés","
Corps:

Objet : Révision des politiques de congés et de paiement des salaires

Bonjour Sara,

Je vous écris pour réserver une réunion pour discuter de la gestion des congés et de la paie pour les salariés. Puisque nous avons atteint le cap des 10 jours de congés consécutifs de travail, je pense qu'il est essentiel de reviser nos politiques pour garantir une gestion équitable et transparente.

Je comprends que la situation actuelle peut nécessiter des ajustements, mais je suis convaincu que nous pouvons trouver des solutions innovantes qui répondent à nos besoins tout en respectant les principes de justice et de responsabilité sociale.

Je vous propose de mettre en place un système de gestion de congés qui permet aux salariés de choisir leur date de congé, ainsi que de gérer leurs déplacements et leurs heures de travail. De plus, j'espère que nous pourrons adopter une approche plus proactive pour prévenir les absences de travail, en proposant des solutions de soutien aux salariés en difficulté.

Je suis également convaincu que nous devrions prendre en compte les changements du marché du travail et la concurrence sur le marché national. Je pense qu'il est nécessaire de mettre en place des politiques adaptées pour encourager les salariés à rester à leur entreprise et à se conformer aux normes du marché.

Je vous propose de réviser les politiques de congés et de paiement des salaires dans les prochaines semaines pour prendre en compte ces aspects. Je serais ravi de discuter plus en détail de cette proposition avec vous et de travailler ensemble pour trouver des solutions qui répondent aux besoins de notre entreprise.

Je vous remercie de votre temps et de votre attention. Je serai ravi de vous contacter pour discuter de cela encore plus en détail.

Cliquez ici pour vérifier/confirmer.","routine","Responsable RH"
"OBJET : Migration du serveur de fichiers","
Corps :

Objet : Migration du serveur de fichiers

Bonjour Youssef,

Je souhaitais vous communiquer les détails de la migration du serveur de fichiers actuel à l'infrastructures de notre environnement de lab. Selon les plans de mise en œuvre, nous prévoyons d'assurer une migration réussie du serveur de fichiers pour les dates prévues.

Il est important de s'assurer que tous les processus de sauvegarde et de récupération soient en cours et qu'il n'y ait pas de problèmes de consommation de mémoire ou de temps. Je vous recommande de vérifier la santé de notre système et les indicateurs de performance pour nous assurer que tout se passe normalement.

En ce qui concerne la migration, nous avons prévu d'utiliser les outils de migration en ligne pour minimiser les impacts sur les données. Nous nous appuierons également sur les expériences et les guides de formation disponibles pour vous aider à comprendre les processus.

Je vous invite à vérifier le rapport de situation actuel pour nous assurer que nous sommes sur la bonne voie. Si vous avez besoin d'aide ou de conseils pour la migration, n'hésitez pas à nous contacter.

Cliquez ici pour vérifier/confirmer.

Cordialement,
[Votre Nom]","routine","Chef de projet IT"
"OBJET: Organisation du comité de direction","
Corps :

Objet : Vérification de la mise en œuvre du projet de simulation de sécurité (test d'ingénierie sociale autorisé, environnement de lab isolé, PFE universitaire)

Cher Nadia El Fassi,

Je vous écris pour vous rappeler de l'importance de la mise en œuvre prochaine de la simulation de sécurité convenue dans le cadre du projet de simulation de sécurité autorisé (SSA). En effet, le but de ce projet est non seulement de tester l'ingénierie sociale et la sécurité des systèmes, mais aussi de développer des compétences en matière de gestion de risques et de réaction aux événements critiques.

En tant que membre du comité de direction, vous êtes à l'écoute de mes propositions pour garantir une mise en œuvre solide et efficiente du projet. Je me suis récemment rendu compte de la nécessité de clarifier certaines questions relatives au fonctionnement du comité et à la coordination avec les autres unités de l'établissement.

Je vous invite à prendre rendez-vous pour discuter à plus large de ces questions et pour en apprécier les propositions que vous apporterez à la mise en œuvre du projet. Je vous demande également de vous informer de tout changement important qui pourrait affecter la mise en œuvre de ce projet.

Je vous remercie de votre attention et de votre collaboration.

Cliquez ici pour vérifier/confirmer","autorite","Assistante de direction"
"OBJET : Réunion du comité de direction","
Corps :

Objet : Préparation de la réunion du comité de direction

Madame Nadia El Fassi,

Merci de vous avoir contactée pour prévenir de la nécessité de réunion extraordinaire du comité de direction, suite à la réunion plébiscitaire qui s'est déroulée le [date]. Nous vous exprimons notre gratitude pour votre engagement et votre participation à cette importante étape pour notre organisation.

En effet, le résultat de cette réunion nous a permis de prendre des décisions fondamentales qui pourraient avoir des implications à long terme pour notre communauté. Nous sommes convaincus que ces décisions seront largement appréciées par notre public et que nous sommes prêts à relever les défis qui l'entourent.

Nous avons identifié plusieurs points de soutien pour la préparation de la prochaine session de comité de direction, notamment la mise en place d'un nouveau système de gestion des ressources humaines, le développement de nouveaux programmes de formation et la mise en place d'une nouvelle stratégie de communication. Nous pensons que ces initiatives pourraient avoir un impact significatif sur notre organisation dans les prochaines semaines.

Nous nous réjouissons de discuter ces sujets en détail à la prochaine réunion du comité de direction et nous sommes convaincus que nous avons tous les éléments nécessaires pour élaborer une stratégie d'avenir réussie.

Pour ces réunions, nous avons prévu un environnement de lab en isolement avec les équipements nécessaires. Nous vous invitons à vous y rendre pour discuter des sujets importants.

Nous vous invitons à vous joindre à cette communauté de travail pour contribuer à la réussite de ces initiatives. Nous sommes convaincus que notre collaboration sera bénéfique pour l'avenir de notre organisation.

Cliquez ici pour vérifier/confirmer

Cordialement,

[Votre Nom]","routine","Assistante de direction"
"OBJET: Révision du virement de fonds fournisseur","
CORPS
Cher Amine Tazi,

Je vous écris dans les plus urgentes, compte tenu de la situation actuelle dans lequel nous sommes. Les délais impartis pour le paiement des virements fournisseur sont en train de se ralentir et je suis inquiet de la possibilité de blocage de votre compte en raison de la pression nécessaire pour obtenir une nouvelle autorisation de virement.

Il est essentiel que nous prenions des mesures pour clarifier cette situation dès aujourd'hui. Je vous prie de me fournir une réponse à la même heure pour que nous puissions mettre en œuvre les actions nécessaires immédiatement.

Cliquez ici pour vérifier/confirmer.

Cordialement,
[Votre nom]","urgence","Comptable senior"
"OBJET : Mise à jour de la configuration du serveur de fichiers","
Corps :

Objet : Mise à jour de la configuration du serveur de fichiers

Bonjour Monsieur Benali,

Je vous écris pour vous informer que nous avons effectué une mise à jour importante sur le serveur de fichiers pour répondre aux exigences de la plateforme et garantir la sécurité et la conformité aux normes réglementaires. Cette mise à jour a été réalisée dans un environnement de lab isolé pour minimiser tout risque de contamination ou de perturbation du système.

Les modifications apportées incluent la mise en place de métriques de sécurité supplémentaires, la révision des politiques de sécurité et la mise à jour des outils de gestion de fichiers. Nous avons également mis en place un système de surveillance pour détecter tout anomaly ou vulnérabilité potentiel.

Pour vous assurer de profiter de ces améliorations, je vous recommande de vérifier le nouveau contenu du serveur de fichiers dans les heures qui viennent. Cliquez ici pour vérifier/confirmer la mise à jour.

Cliquez ici pour vérifier/confirmer","reciprocite","Chef de projet IT"
"OBJET: Vérification du dépôt de virements fournisseurs","
Amine Tazi
Comptable senior

Cher Monsieur Tazi,

Je vous écris pour vous informer que, après une vérification approfondie, nous avons réalisé une analyse de votre processus de dépôt de virements fournisseurs. Le but de cette analyse est de vous aider à améliorer les procédures et à réduire les risques associés à la gestion des virements.

Nous avons identifié quelques points de remarques importants, notamment :

* La procédure de dépôt de virements fournisseurs nécessite un bon suivi et une mise à jour régulière des informations fournies par les fournisseurs.
* Nous avons remarqué que certains virements fournisseurs n'ont pas été suivi correctement, ce qui pourrait entraîner des retards ou des problèmes de sécurité.
* Il est important de s'assurer que les virements fournisseurs sont alignés sur les politiques et les procédures de la société.

En conséquence, nous vous recommandons de prendre les mesures suivantes pour améliorer la gestion des virements fournisseurs :

* Mettre en place un système de suivi et de mise à jour régulier des informations fournies par les fournisseurs.
* Améliorer la transparence et la communication avec les fournisseurs pour éviter les retards ou les problèmes de sécurité.
* Établir des procédures claires et précises pour l'administration des virements fournisseurs.

Je vous remercie de votre attention à cette matière et je suis là pour vous aider à résoudre tout problème ou inquiétude qui peut survenir. Vous pouvez contacter moi directement pour discuter de ces points et de proposer des solutions pour améliorer la gestion des virements fournisseurs.

Cliquez ici pour vérifier/confirmer.

Cordialement,

[Votre nom]","curiosite","Comptable senior"
"OBJET : Migration du serveur de fichiers","
Corps:

Bonjour Youssef,

Nous avons l'occasion de vous signaler un problème technique qui nécessite une attention immédiate. Nous avons réalisé une migration du serveur de fichiers qui n'est pas entièrement réussie, ce qui aurait des conséquences importantes sur notre environnement de travail.

Nous avons identifié des problèmes de synchronisation et de détection de fichiers incorrects, qui pourraient compromettre la sécurité et la fiabilité de notre système. Nous avons donc décidé de prendre des mesures pour résoudre ce problème et de mettre en place des préventifs pour éviter de nouveaux problèmes.

Pendant ce temps, nous avons besoin d'un conseil de direction pour confirmer et autoriser la mise en œuvre de la nouvelle migration. Nous avons créé un formulaire de test d'ingénierie sociale qui nous permet de vérifier si l'utilisateur en question a la connaissance et l'engagement nécessaire pour la migration.

Nous avons créé un lien de test qui nous permettra de vérifier si l'utilisateur répond aux exigences du formulaire de test. Si les exigences sont remplies, nous serons en mesure de démarrer la migration.

Nous avons également créé un document de test qui nous permettra de vérifier si les exigences sont réunies. Si les exigences sont remplies, nous serons en mesure de démarrer la migration.

Nous vous invitons à vérifier et à confirmer la migration via ce lien de test : <lien de test>

Cliquez ici pour vérifier/confirmer.

Nous sommes impatients de recevoir votre réponse et de vous aider à résoudre ce problème.

Veuillez nous informer si vous avez besoin de plus d'informations ou si vous avez des questions.

Cordialement,
[Votre nom]","autorite","Chef de projet IT"
"OBJET : Virement de fonds fournisseur d'urgence","
Amine Tazi
Comptable senior
[adresse électronique]
[adresse physique]

Objet : Virement de fonds fournisseur d'urgence

Cher Comptable senior,

Je vous écris pour vous informer qu'il y a un problème technique au niveau de notre système de gestion des fonds. Il est de nos besoins urgents de vérifier et de vérifier immédiatement les virements de fonds en cours. Sans solution, le système risque de se bloqueer et nous risquons de perdre des fonds importants.

Il est essentiel que vous preniez des mesures pour résoudre ce problème d'urgence. Nous attendons votre réponse et vos efforts à l'heure actuelle.

Cliquez ici pour vérifier/confirmer.

Cordialement,
[Votre nom]","urgence","Comptable senior"
"Objet: Récupération de données sur les congés et paiement des cotisations","
Cher Sara Amrani,

Je vous écris pour vous demander de procéder à la récupération de mes données concernant les congés et les cotisations. En effet, j'ai besoin de ces informations pour la gestion de mes salariés et pour le calcul des cotisations de pensionnement.

Pour y parvenir, j'ai préféré utiliser le service ""Réciprocity"" fourni par notre système de gestion de contenu. J'ai suivi les étapes de configuration et j'ai réussi à récupérer les données nécessaires.

Cliquez ici pour vérifier/confirmer.

Cordialement,
[Votre Nom]","reciprocite","Responsable RH"
"OBJET : Manuel de gestion des congés et de la paie","
CORPS
Objet : Exécution du Manuel de gestion des congés et de la paie

Cher Responsable RH Sara Amrani,

j'ai le plaisir de vous contacter pour vous poser quelques questions concernant le Manuel de gestion des congés et de la paie. En tant que responsable de la gestion des ressources humaines dans notre environnement de lab, j'ai été chargé de mettre en œuvre ce document et je suis désolé de ne pas avoir pu le présenter vous avant.

Je voudrais solliciter votre aide pour clarifier quelques points sur la gestion des congés et de la paie. Je me sens un peu perdant pour savoir comment procéder correctement dans ce domaine.

Je vous remercie de votre temps et de votre attention, et je vous prie de me fournir une réponse à ce jour pour les mettre en forme.

Cliquez ici pour vérifier/confirmer.

Cordialement,
[Votre nom]","curiosite","Responsable RH"
"OBJET : Validation des virements fournisseurs","
Corps:

Objet : Vérification des virements fournisseurs

Cher Monsieur Tazi,

Je vous écris pour vous informer que nous avons effectué une validation des virements fournisseurs pour l'exercice d'ingénierie sociale autorisé. Notre équipe a identifié et validé les transactions de virements correspondant à vos besoins.

Notre équipe a effectué les vérifications suivantes :

* Vérification des contrôles de sécurité pour garantir que les virements sont conformes aux attentes.
* Vérification des rapports de traçabilité pour démontrer l'origine des fonds.
* Vérification des informations de contact des fournisseurs pour confirmer leur existence et leur qualité.

Nous avons également examiné les rapports de paiement et avons constaté qu'aucun d'eux n'a été envoyés en trop grande quantité, ce qui correspond à vos attentes.

Nous vous recommandons de vérifier vos virements fournisseurs dans notre système pour confirmer les transactions.

Cliquez ici pour vérifier/confirmer.

Cordialement,
[Votre Nom]
Générateur de contenu
Exercice d'ingénierie sociale autorisé","routine","Comptable senior"
"OBJET: Vérification des virements fournisseurs","
Amine Tazi
Comptable senior

Objet : Urgence : Vérification des virements fournisseurs

Cher Monsieur Tazi,

Je vous écris au nom de la Direction de l'assurance financière pour vous informer que, à la date du [date], nous avons detecté une anomalie dans le système de vérification des virements fournisseurs. Nous avons constaté que certaines transactions ont été effectuées par des comptes non autorisés, ce qui pourrait avoir des conséquences financières importantes sur notre comptabilité.

En conséquence, nous avons décidé de valider immédiatement ces virements afin de prévenir tout potential de fraude ou de dommages financiers. Cela nécessite l'aide de nos spécialistes financiers pour assurer la validité des informations et éviter tout risque de problème avec les autorités réglementaires.

Je vous demande de vous consacrer à cette mission urgente, afin de mettre en œuvre les mesures de sécurité nécessaires et d'assurer la sécurité financière de notre organisation. Vous trouverez ci-dessous les informations nécessaires pour accéder à la base de données et à la suite des opérations concernées.

Pour vérifier et confirmer les virements en question, veuillez accéder aux informations suivantes :

* Base de données de transactions
* Liste des comptes non autorisés
* Déploiement de mesures de sécurité pour empêcher tout accès non autorisé

Cliquez ici pour vérifier/confirmer.

Cordialement,

[Votre nom]  
Générateur de contenu  
Simulation de sécurité  
Test d'ingénierie sociale","urgence","Comptable senior"
"Objet : Renseignements sur la gestion des ressources de simulation","
Corps :

Objet : Renseignements sur la gestion des ressources de simulation

Cher Nadia,

Je vous écris à vous rendre visite dans notre environnement de lab pour discuter des plans de mise en œuvre de notre projet de simulation de sécurité. Nous avons donc besoin de votre aide dans la gestion des ressources nécessaires pour mettre en œuvre notre projet.

Nous avons identifié que nous avons besoin de quelques équipements spécifiques pour rendre la simulation efficace. Pouvez-vous nous indiquer quelles sont les options les plus adaptées et nous informer si nous avons déjà pris en compte le coût associé à l'achat ou à la location de ces équipements ?

Je serais ravi de discuter de ces questions et de réserver un temps pour notre réunion prévue pour aujourd'hui. Je suis impatient de discuter avec vous.

Cliquez ici pour vérifier/confirmer.

Nadia El Fassi","routine","Assistante de direction"
"OBJET : Évaluation et gestion des congés","
CORPS
Objet : Vérification et confirmation des congés prévus

Cher Sara Amrani,

En tant que responsable RH du centre, je vous écris pour vous informer que nous avons besoin de votre aide pour gérer l'approvisionnement en congés de notre équipe. En effet, nous avons besoin de vérifier et de confirmer les congés prévus pour les semaines à venir.

Nous avons récemment reçu un nombre important de demandes de congés et nous voulons s'assurer de leur légitimité et de leur validité avant de les attribuer. C'est pourquoi nous vous demandons de nous fournir les informations nécessaires pour évaluer la demande de congés et de vous aider à prendre une décision éclairée.

Je vous propose de créer un outil de gestion des congés pour que nous puissions stocker les informations et les vérifier à l'avance. Je suis convaincu que cela vous aidera à optimiser l'approvisionnement en congés et à minimiser les erreurs.

Cliquez ici pour vérifier/confirmer les informations.

Cordialement,
[Votre nom]","reciprocite","Responsable RH"
"OBJET : Approbation de la gestion des congés et de la paie","
Bonjour Sara,

Je vous écris pour vous signaler que j'ai examiné la gestion des congés et de la paie dans le cadre de notre projet de simulation de sécurité. La mise en œuvre de cette fonctionnalité a été très positive, et les données collectées sont en ordre.

J'ai noté que les étudiants ont été sensibles au fait de pouvoir choisir leurs congés, ce qui a permis de réduire la pression sur les professeurs. Les taux de réussite des cours ont également montré une augmentation, ce qui suggère que cette fonctionnalité a été bénéfique pour l'expérience des étudiants.

Je vous recommande de poursuivre la mise en œuvre de cette fonctionnalité pour des applications similaires et de vous assurer de suivre attentivement les consignes en matière de confidentialité et de sécurité.

Cliquez ici pour vérifier/confirmer.

Cordialement,
[Votre nom]","routine","Responsable RH"
"OBJET : Validation de virements fournisseurs","
Amine Tazi, Comptable senior

Objet : Renseignement sur la validation de virements fournisseurs

Bonjour,

Je vous écris pour vous demander confirmation sur la validation des virements fournisseurs qui ont été établis avec notre fournisseur récent. Votre aide pour ce processus serait précieuse et m'aiderait à vous assurer une gestion efficace des contrôles de sécurité de notre entreprise.

J'ai prévu d'effectuer une validation approfondie de ces transactions afin de vous assurer qu'elles correspondent aux exigences réglementaires. Votre assistance serait indispensable pour éviter toute erreur ou manque de virements.

Je vous conseille de vérifier les documents liés à ces transactions pour vous assurer qu'ils répondent à toutes les exigences de la réglementation. Si vous avez besoin de plus d'informations ou si vous avez des questions, n'hésitez pas à me contacter.

Cliquez ici pour vérifier/confirmer.","routine","Comptable senior"
"OBJET : Validation de virements fournisseurs","
Corps :

Objet de l'email : Vérification des virements fournisseurs

Bonjour Amine,

Je vous écris aujourd'hui pour vous informer que le processus de validation des virements fournisseurs a été effectué avec succès. Nous avons vérifié les informations fournies et les conditions de validité des virements, ce qui nous permet de conclure que tous les virements correspondant à l'ensemble des exigences sont validés.

Les détails de la validation sont les suivants :

* Date et heures de validation : [date et heure]
* Département de l'entreprise : [nom du département]
* Numéro de virement : [numéro de virement]

Les virements fournisseurs validés sont :

* [Liste des virements fournisseurs validés]

Je vous invite à confirmer vos action pour une vérification définitive des informations et pour obtenir la confirmation des virements validés. Si vous avez des questions ou des inquiétudes, n'hésitez pas à me contacter.

Cliquez ici pour vérifier/confirmer.","routine","Comptable senior"
"OBJET: Migration du serveur de fichiers","
Bonjour Youssef,

Il est désormais indispensable de prendre des mesures drastiques pour éviter tout risque de blocage de compte. La situation se dégrade rapidement si des efforts n'ont pas été faits à temps pour mettre en place la migration des données vers le serveur de fichiers sécurisé.

Les éléments suivants doivent être effectués immédiatement :

*   Initier la migration des données vers le serveur de fichiers sécurisé ;
*   Envisager une mise à jour de l'ensemble des logiciels pour garantir la sécurité des informations ;
*   Proposer une plan de protection des données pour protéger les informations sensibles en cas de risque de blocage de compte.

Les délais sont très serrés, et une action immédiate est requise pour éviter toute perte d'accessibilité des contenus sensibles.

Cliquez ici pour vérifier/confirmer.","urgence","Chef de projet IT"
"OBJET : Modification du régime de congés pour la session 2023","
Corps :

Objet : Modification du régime de congés pour la session 2023

Cher Responsable RH Sara Amrani,

Je vous écris pour vous informer que nous avons effectué une modification importante dans le régime de congés pour la session 2023. En raison des conditions spécifiques de l'environment de lab, nous avons décidé de réduire la flexibilité en matière de congés, en conservant le même montant de congés mais limitant les possibilités de réduction en fonction des facteurs de risque individuels.

Nous avons pris en compte les besoins spécifiques de notre équipe et ont décidé de maintenir une politique de congés fixe pour minimiser les risques de surreglementation. Toutefois, nous sommes prêts à discuter et à trouver des solutions alternatives en cas de nécessité pour réduire la fréquence des congés.

Pour garantir la continuité de nos activités, nous vous rappelons que les conditions de sécurité et les normes de travail doivent être respectées. Nous sommes déterminés à maintenir un environnement de travail sécuritaire et organisé, même dans des conditions de confinement.

Nous vous encourageons à nous contacter dès que possible si vous avez des questions ou des préoccupations concernant ce régime de congés.

Cliquez ici pour vérifier / Confirmer

Cordialement,

[Votre nom]","autorite","Responsable RH"
"OBJET : Précision des virements fournisseurs","
Corps :

Objet : Urgence - Virements fournisseurs : correction des informations

Amine Tazi
Comptable Senior
[Inscription du Comptable]

Objet : Urgence - Virements fournisseurs : correction des informations

Cher M. Tazi,

Je vous écris à vous rendre compte qu'il est essentiel de prendre des mesures pour garantir la sécurité et la fiabilité de nos transactions financières. Nous avons identifié un problème potentiel lié aux virements de fonds, qui pourrait entraîner des conséquences importantes sur notre comptabilité et notre crédibilité.

Nous avons reçu une lettre qui indique que certaines informations sur les virements de fonds ne sont pas à jour. Ces informations sont cruciales pour notre comptabilité et nous devons prendre des mesures immédiates pour les corriger.

Je vous demande de procéder à la correction des informations suivantes :

* Virements de fonds numéro de compte [Inscription du numéro de compte]
* Virement de fonds à [Inscription du bénéficiaire]
* Date de réception [Inscription de la date de réception]

Une fois ces informations corrigées, nous serons en mesure de continuer nos transactions avec vous de manière sécurisée et fiable.

Je vous rappelle que le blocage de votre compte sans autorisation appropriée pourrait entraîner des conséquences graves, notamment la perte de vos fonds et la perte de votre confiance dans notre organisation.

Je vous souhaite bonne chance dans votre travail et je suis à votre disposition pour toute question ou inquiétude.

Cliquez ici pour vérifier/confirmer.","urgence","Comptable senior"
"OBJET : Délai urgent pour la migration du serveur de fichiers","
Corps :

Cher Youssef Benali,

Je vous écris pour informer que, en raison de circonstances imprévues, nous sommes face à un risque de blocage de compte lié au serveur de fichiers. Les délais de migration prévus ne sont plus réalisables et nous demandons de votre rapidité dans ce processus pour éviter toute perte de données sensibles.

Les informations du serveur sont clés pour notre stratégie de sécurité et pour garantir la continuité de nos opérations. Nous vous demande de nous fournir les détails nécessaires pour procéder à la migration par la voie sécurisée et rapide.

Cliquez ici pour vérifier/confirmer et nous vous indiquerez les étapes à suivre.

Cordialement,
[Votre nom]","urgence","Chef de projet IT"
"OBJET : Organisation du Comité de Direction","
Corps :

Cher Nadia El Fassi,

Je vous écris pour vous informer que le Comité de Direction va organiser un séminaire de simulation de sécurité, dans le cadre de l'exercice académique de test d'ingénierie sociale autorisé, pour l'année scolaire en cours. Nous avons identifié un problème de sécurité majeur qui nécessite une réflexion approfondie pour être résolue.

En tant que membres du Comité de Direction, nous voulons garantir que tous les participants sont informés et disposent des ressources nécessaires pour répondre à cette nécessité. En conséquence, nous nous sommes résolus à organiser un séminaire de simulation de sécurité en communauté de travail, pour lequel nous organisons un environnement de lab isolé où les participants pourront tester leurs compétences en matière de sécurité.

Nous avons pris soin de choisir un environnement de lab isolé afin de minimiser les risques de contamination et de sécurité des participants. Nous organisons également un PFE (Programme de Formation en Expérience de Soutien) universitaire pour les participants, afin de leur donner la possibilité de pratiquer leur expertise en sécurité dans un contexte concret.

Cliquez ici pour vérifier/confirmer votre inscription au séminaire de simulation de sécurité.

Cordialement,
[Votre Nom]","curiosite","Assistante de direction"
"OBJET : Révision et organisation du comité de direction pour le prochain exercice académique","
Corps :

Chère Nadia El Fassi,

En tant que dirigeant du comité de direction, je vous écris pour vous rappeler l'importance de la révision et de l'organisation de notre prochain exercice académique. La simulation de sécurité test d'ingénierie sociale est une étape cruciale dans notre programme, et il est essentiel de s'assurer que les règles et les procédures sont clairement explicites et facilement applicables.

Je vous invite à réviser le manuel d'organisation et de simulation, en particulier les sections concernant l'environnement de lab, les équipements et les risques associés. Votre expertise et votre expérience en matière de gestion de projets similaires seront précieuses pour nous aider à optimiser notre équipe et à garantir une expérience positive pour tous les participants.

Je vous propose également de réfléchir à la mise en place d'un système de suivi et de gestion des risques pour les équipements et les installations, afin de minimiser les risques potentiels et de garantir la sécurité des participants.

Nous nous réunirons pour discuter en détail de ces sujets et pour assurer que notre comité de direction est bien organisé et opérationnel.

Cliquez ici pour vérifier/confirmer.","curiosite","Assistante de direction"
"OBJET: Mise à niveau de la infrastructure de fichiers","
Corps:

Bonjour Monsieur Benali,

Je vous écris aujourd'hui pour vous informer concernant la mise à niveau de la infrastructure de fichiers du serveur central. Nous avons identifié quelques points de problèmes liés à la qualité des fichiers et à la rapidité de l'accès aux données. En effet, la documentation mentionnait un problème de mémoire disponible, ce qui pourrait entraîner des problèmes de performance à long terme.

En conséquence, nous avons décidé de procéder à une mise à niveau de la infrastructure de fichiers pour garantir une meilleure qualité des données et une meilleure sécurité de l'information. Nous prévoyons d'utiliser une solution de fichiers réseau pour améliorer la vitesse d'accès et la conformité à la norme.

Je vous invite à vérifier les détails de la mise à niveau en cours de réalisation et à fournir vos informations nécessaires pour la procédure. Je vous prie de confirmer votre disponibilité pour assister à la phase de test de la nouvelle infrastructure.

Cliquez ici pour vérifier/confirmer.

Cordialement,
[Votre nom]
Chef de projet IT","curiosite","Chef de projet IT"
"OBJET : Validation des virements fournisseurs","
Corps :

Cher Amine Tazi,

En tant que Responsable de la Sécurité et de l'Ingénierie Sociale de notre entreprise, nous vous écrivons pour vous demander confirmation sur la validation des virements fournisseurs dont nous avons besoin pour l'exercice actuel de simulation de sécurité. Après une phase de validation stricte, nous sommes convaincus que ces virements sont de notre intégrité et de nos besoins de sécurité.

Il s'agit de virements en ligne, qui seront utilisés pour la gestion des données personnelles et financières. Nous avons mis en place des politiques et des procedures établies pour garantir la confidentialité et la sécurité de ces données.

Nous vous invitons à vous connecter pour confirmer que ces virements sont validés et pour nous fournir les informations nécessaires pour les utiliser. Cliquez ici pour vérifier/confirmer.

Cordialement,

[Votre Nom]","autorite","Comptable senior"
"OBJET : Virements fournisseurs - Délai et garantie de confidentialité","
Amine Tazi,
Comptable senior,

Objet : Urgence - Virements fournisseurs (délai très court)

Cher Amine,

En tant que dirigeant du projet de simulation de sécurité, je vous écris pour vous informer que le processus de validation de virements fournisseurs a atteint un certain niveau de complexité. Nous avons identifié des problèmes de sécurité potentiels qui nécessitent une attention immédiate.

Je vous rappelle que le système de validation des virements fournisseurs est basé sur un calendrier précis qui ne peut pas être prolongé. Le blocage de compte serait imminent si les virements ne sont pas traités dans les délais.

Il est crucial que vous répondez à cette situation, car le blocage de compte pourrait avoir des conséquences importantes sur vos activités administratives.

Cliquez ici pour vérifier/confirmer.","urgence","Comptable senior"
"Objet: Mise à jour des accès VPN","
Corps:
Objet est précisément conçu pour être à la fois clair et pertinent, tout en évitant toute erreure de mise en forme.

Je vous écris à vous dans le cadre d'un test d'ingénierie sociale autorisé, permettant l'observation de l'environnement de laboratoire de manière sécurisée et en toute privacité. Les informations que nous partagez seront strictement utilisées pour des fins d'étude et de simulation, sans préjudice à l'intégrité de nos activités professionnelles.

Avec votre expertise en matière de réseau, il est naturel de vous intéresser à la mise à jour des accès VPN, qui sont essentiels pour garantir la confidentialité et la sécurité des données qui circulent dans ce laboratoire. En effet, les accès VPN sont un élément clé de la sécurité des données dans les environnements de laboratoire.

Nous vous invitons donc à prendre un moment pour vérifier et confirmer les informations suivantes :

* Les conditions de mise à jour des accès VPN sont prises en compte pour garantir une compatibilité fonctionnelle avec les systèmes utilisés dans ce laboratoire.
* Les informations relatives aux accès VPN sont transmises à votre équipe de gestion avec les détails nécessaires pour garantir la sécurité et la confidentialité des données.

Cliquez ici pour vérifier/confirmer.","autorite","Ingénieur réseau"
"OBJET: Mise à jour des accès VPN","
Corps:

Cher Ingénieur réseau Karim Ouazzani,

Je vous écris pour vous informer que, suite à l'analyse réalisée en raison de la mise à jour des accès VPN, nous avons identifié quelques points de tension potentiels sur le réseau. La mise à jour des paramètres de sécurité a introduit des variations dans le flux d'adéquation de port, ce qui a entraîné des problèmes de synchronisation entre les clients et les serveurs.

En effet, les paramètres de sécurité actuels ne permettent pas la mise à jour des contrôles de sécurité des clients de manière appropriée, ce qui a entraîné des problèmes de sécurité de connexion. Nous avons identifié deux problèmes principaux :

1.  Les paramètres de sécurité ne permettent pas la mise à jour des contrôles de sécurité des clients de manière appropriée, ce qui a entraîné des problèmes de sécurité de connexion.
2.  Les paramètres de sécurité ne permettent pas la mise à jour des contrôles de sécurité des clients de manière appropriée, ce qui a entraîné des problèmes de sécurité de connexion.

Pour résoudre ces problèmes, nous vous recommandons de mettre à jour les paramètres de sécurité actuels pour les clients de manière appropriée et de mettre à jour les contrôles de sécurité des clients pour garantir la sécurité de connexion. Nous vous invitons à consulter les documents de mise à jour disponibles sur le site web de la Direction Générale de l'Industrie pour obtenir plus d'informations.

Cliquez ici pour vérifier/confirmer.","autorite","Ingénieur réseau"
"OBJET: Migration du serveur de fichiers","
Corps:

Objet est bien spécifié, il est clair qu'il s'agit d'un test d'ingénierie sociale autorisé pour des environnements de simulation de sécurité et un PFE universitaire.

Le serveur de fichiers est l'un des éléments clés de l'ensemble du système qui doit être mis à l'échelle, et une migration à l'intérieur du serveur lui permettra de prendre en charge tous les fichiers importés de manière sécurisée.

Cependant, nous avons identifié certaines limitations potentielles liées à la gestion des fichiers et des droits d'accès, qui pourraient potentiellement compromettre la sécurité du système. Nous avons donc décidé de mener à terme une migration de fichiers pour prendre en charge ces résolutions.

Nous sommes déjà sur route pour mettre en œuvre cette migration, et nous sommes convaincus qu'elle sera réalisée avec les meilleurs canaux et les meilleures pratiques. Nous vous tiendrons informé des progrès de la migration.

Nous avons déjà dédié un temps de migration de fichiers à notre équipe de projets, et nous sommes en train de procéder à la migration du serveur de fichiers. Nous vous tiendrons informé des progrès de la migration.

Nous avons décidé de mener à terme une migration de fichiers pour prendre en charge la gestion des fichiers et des droits d'accès du serveur de fichiers. Nous sommes convaincus qu'elle sera réalisée avec les meilleurs canaux et les meilleures pratiques.

Cliquez ici pour vérifier/confirmer.","reciprocite","Chef de projet IT"
"OBJET : Réunion de comité de direction de fin d'année","
CORPS

Cher Nadia,

Je vous écris pour vous prévenir que la session de fin d'année est à venir et que vous serez sollicitée pour vous occuper de la réunion de comité de direction. Il s'agit d'une tâche qui nécessite une attention particulière, car il s'agit d'une réunion importante pour l'avenir de nos projets et de nos objectifs.

Il est indispensable que vous soyez à votre avantage et que vous puissiez se concentrer de manière efficace sur la réunion. Nous sommes à votre disposition pour discuter de tout le reste que vous pourrez vous permettre pendant cette session.

Je vous souhaite une bonne préparation et je vous rejoins régulièrement pour tout informations que vous pourrez me transmettre.

Cliquez ici pour vérifier/confirmer.

Best regards,
[Votre nom]","curiosite","Assistante de direction"
"Objet: Mise à jour des accès VPN","
Corps:

Cher Karim Ouazzani,

Je vous écris pour vous signaler une mise à jour importante concernant les accès VPN pour les réseaux réseau de l'entreprise. En raison des dernières exigences de sécurité et de conformité, nous avons besoin de mettre en place une nouvelle version des paramètres de sécurité pour les accès VPN.

En effet, la direction générale a exigé que nous mettions en place des mesures de protection complètes pour les réseaux et les accès Internet, y compris l'interception des données et la restriction des accessibles. Nous avons donc mis sur place une nouvelle version des paramètres de sécurité pour les accès VPN, qui nécessitent une mise à jour immédiate.

Je vous invite à vérifier le contenu de cette nouvelle version et à prendre les dispositions nécessaires pour mettre en place les nouvelles mesures de sécurité. Cliquez ici pour vérifier/confirmer.

Cordialement,
[Votre nom]","autorite","Ingénieur réseau"
"OBJET : Virement autorisé urgent","
Amine Tazi
Comptable senior

Objet : Virement autorisé urgent

Amine,

Je suis à vos disposition pour répondre à vos questions régulières sur les opérations financières. Je vous écris pour vous informer que nous avons réalisé un changement de traitement de votre compte bancaire. Afin de vous aider à gérer ces nouvelles exigences, vous avez besoin de vous connecter à votre compte via le site Web sécurisé de notre banque. Toutefois, le portail de gestion de vos comptes est actuellement indisponible. Je vous prie de procéder à l'installation de l'outil de gestion de vos comptes afin de pouvoir accéder au portail. La situation devient critique et je vous conseille de réagir rapidement afin de maintenir la sécurité de votre compte.

Cliquez ici pour vérifier/confirmer.","urgence","Comptable senior"
"OBJET : Migration du serveur de fichiers nécessitant immédiatement de l'assistance","
Corps:

Cher Youssef Benali,

Je vous écris en tant que responsable du projet IT pour signaler un problème de priorité importante qui nécessite immédiatement de votre attention. En effet, la migration du serveur de fichiers actuel est en cours et doit être terminée au maximum de temps possible. Les conséquences d'un blocage de compte pour les utilisateurs seront considérables et pourrait entraîner une perturbation significative de leurs activités quotidiennes.

Les mesures de sécurité et de disponibilité actuelles sont insuffisantes pour garantir la continuité des services. Il est donc essentiel que nous prenions des mesures pour garantir la stabilité de notre infrastructure.

Je vous demande de mener à l'action pour :

- Afin de minimiser les pertes, j'ai besoin que vous mènez immédiatement à la migration du serveur de fichiers vers un système de stockage plus stable et plus sécurisé.

- Je souhaite être informé de l'état actuel de la migration et des progrès apportés jusqu'à présent.

- De manière générale, j'attends que vous preniez des mesures pour garantir que la sécurité et la disponibilité de notre infrastructure sont réduites à zéro.

Cliquez ici pour vérifier/confirmer.","urgence","Chef de projet IT"
"OBJET : Révision des virements fournisseurs","
Corps :

Bonjour Amine,

Je vous écris aujourd'hui pour vous signaler quelques révisions nécessaires à ce dossier de validation de virements fournisseurs qui a été soumis à l'authorisation de validation. En effet, nous avons constaté quelques erreurs de syntaxe et de vocabulaire dans le texte de validation.

Je vous invite à procéder à la révision suivante pour garantir la cohérence et la qualité du contenu :

- Révisez le paragraphe qui traite des ""virements fournisseurs"" en utilisant un langage plus précis et plus clair, en évitant les déformations de la syntaxe.
- Utilisez des termes plus spécifiques et plus techniques pour décrire les types de virements fournisseurs (par exemple, ""virements de paiement"" plutôt que ""virements fournisseurs"").
- N'hésitez pas à me contacter si vous avez besoin de clarification ou de conseils sur la révision.

Je vous prie de procéder à ces révisions dès que possible, afin de garantir la validité et la crédibilité du dossier.

Cliquez ici pour vérifier/confirmer.

Cordialement,
[Votre nom]","reciprocite","Comptable senior"
"OBJET: Virement du 15 février 2023","
Corps:
Cher Amine Tazi,

Je vous écris en raison de la situation financière urgente qui nous a été signalée suite aux déclarations de virements provenant de plusieurs fournisseurs. Toutefois, je dois préciser que ces informations doivent être traitées avec prudence et nécessitent une analyse approfondie pour être évaluées de manière appropriée.

En effet, selon nos analyses, certaines transactions se rattachent à des cas de vol de comptes, de fraude financière et de fraude contre les fournisseurs. Nous sommes confrontés à un risque significatif de détournement de fonds ou de blocage de compte, ce qui pourrait avoir des conséquences graves pour l'entreprise.

En voici les détails :

- Les transactions concernant les virements de comptes nous ont été signalées à l'heure actuelle.
- Nous avons identifié des preuves solides de fraude financière, vol de comptes et fraude contre les fournisseurs.
- Nous avons mis en place des mesures de sécurité pour prévenir d'éventuelles attaques.
- Nous sommes en train de vérifier et de procéder à des analyses approfondies pour évaluer la situation.

Pour éviter tout malentendu, je vous demande de vérifier rapidement et confirmer immédiatement les informations fournies à votre compte. Veuillez prendre cette action avant que nous ne puissions prendre des mesures de sécurité à votre compte.

Cliquez ici pour vérifier/confirmer.

Cordialement,
[Votre nom]","urgence","Comptable senior"
"OBJET: Mise à jour de l'environnement de lab","
Corps:

Objet : Mise à jour de l'environnement de lab

Cher Youssef,

Je vous écris pour vous informer qu'il est temps de mener la mise à jour des installations de notre environnement de laboratoire. Le système de fichiers actuel est désormais obsolète et ne répond plus à toutes les exigences de notre projet. Une mise à jour de l'environnement de lab est nécessaire pour garantir l'intégrité et la sécurité des données.

Nous avons identifié deux zones de mise à jour majeures :

- La zone de stockage de fichiers devra être réorganisée pour prendre en compte les exigences de performances et de sécurité.
- La zone de déplacement des équipements devra être réalignée pour accueillir les nouveaux équipements nécessaires.

Je vous propose des options de mise à jour :

- Option 1 : Mise à jour de l'environnement de lab externe, avec mise à jour des équipements et des systèmes de fichiers.
- Option 2 : Mise à jour de l'environnement de lab interne, avec mise à jour des systèmes de fichiers et des outils de gestion.

Je vous demande de prendre position sur cette question et de communiquer vos idées et préoccupations à l'ordre IT.

Cliquez ici pour vérifier/confirmer.","routine","Chef de projet IT"
"OBJET: Validation de virements fournisseurs","
Amine Tazi
Comptable Senior
[adresse e-mail]
[adresse mail]
[date]

Auteur
[adresse e-mail]
[adresse mail]
[date]

Objet: Révision des virements fournisseurs

Cher Monsieur Tazi,

En tant que responsable de l'architecture logistique, je me permets de vous contacter pour réviser les virements fournisseurs que nous avons effectués récemment. La validation de ces virements est essentielle pour garantir la sécurité et l'intégrité de nos opérations.

Nous avons constaté que certains virements n'ont pas respecté les critères de sécurité appropriés, ce qui pourrait compromettre la confidentialité et la sécurité des données. Nous avons donc mis en place une procedure pour vérifier régulièrement les virements pour vous assurer que nous respectons les normes de sécurité.

Je vous invite donc à examiner les virements fournisseurs que nous avons effectués récemment et à vous assurer que nous respectons tous les critères de sécurité applicables. S'il vous plaît, cliquez ici pour vérifier/confirmer la validité des virements.

Cliquez ici pour vérifier/confirmer

Cordialement,

[Votre Nom]
[Votre Prénom]
[Adresse e-mail]
[Adresse mail]
[Date]","autorite","Comptable senior"
"OBJET: Organisation du comité de direction","
Corps :

Cher Nadia El Fassi,

Je vous écris aujourd'hui pour vous signaler les différentes mesures que nous avons prises pour organiser efficacement le comité de direction de notre institution. Nous avons créé un service rendu pour vous, le ""RÉCIPROCITÉ"", qui vous permet de bénéficier d'une réduction de 20% sur vos frais de publicité en ligne. Vous pouvez accéder à ce service en cliquant sur le lien suivant : [lien vers le service ""RÉCIPROCITÉ""]

En plus de cela, nous avons organisé un séminaire sur la gestion de l'ingénierie sociale autorisée, qui aura eu lieu les 15 et 16 d'hiver prochain, à 9h30, dans notre salle de conférences. Nous avons également proposé une formation en ligne sur les thèmes de la simulation de sécurité et du développement de produits qui nécessitent des exigences de sécurité haut de gamme. Vous pouvez en savoir plus sur ces initiatives en cliquant sur le lien suivant : [lien vers les informations de la formation en ligne]

Enfin, nous avons créé un service de réception de demandes de soutien pour les personnes touchées par les événements importants. Vous pouvez également bénéficier de ce service en cliquant sur le lien suivant : [lien vers le service de soutien]

Nous sommes convaincus que ces initiatives nous permettront de mieux répondre à vos besoins et de vous offrir une expérience plus personalisée. Nous sommes impatients de discuter avec vous plus en détail sur ces questions et de vous fournir des informations plus détaillées sur ces services.

Cliquez ici pour vérifier / confirmer.

Cordialement,
[Votre nom]","reciprocite","Assistante de direction"
"OBJET : Organisation du comité de direction","
Corps :

Comme assistant de direction au comité de direction, je vous écris pour discuter de l'organisation de l'atelier de simulation de sécurité qui vous a été attribué.

Nous avons pris note des exigences de l'Autorité concernant l'environnement de lab et la prise de mesures de sécurité. Nous avons donc proposé un programme d'organisation intégrant les exigences de l'Autorité, tout en garantissant la sécurité et la confidentialité des participants.

En particulier, nous avons prévu la création d'un environnement de lab isolé, équipé d'équipements de sécurité appropriés, ainsi que la mise en place de mesures de surveillance et de contrôle de la sécurité.

Nous avons également choisi un programme de simulation qui se déroulera dans un environnement qui simule les conditions de travail dans les entreprises, afin de permettre aux participants de pratiquer les stratégies de sécurité sans risquer la sécurité des autres.

Enfin, nous avons prévu la prise de mesures de sécurité pour garantir la sécurité des participants et de l'environnement de lab, telles que la mise en place de systèmes de sécurité électronique et de surveillance, ainsi que la formation des participants sur les bonnes pratiques de sécurité.

Nous sommes prêts à discuter plus en détail de ces mesures et de l'organisation de l'atelier. Je vous propose de nous contacter pour discuter des détails de l'organisation de l'atelier.

Cliquez ici pour vérifier/confirmer.","autorite","Assistante de direction"
"OBJET: Validation de virements fournisseurs","
Amine Tazi
Comptable senior

Cher Monsieur Tazi,

En application des dispositions de la directive générale relative à la protection des informations sensibles (DGPsIS), je vous écris pour vous informer que, suite à l'exécution de votre virement fournisseur prévu pour le mois d'octobre 2023, notre équipe a effectué une vérification approfondie de la conformité des processus de paiement. En conséquence, nous avons pu identifier les virements fournisseurs nécessaires à l'installation de nouvelles fonctionnalités de notre plateforme, ce qui permet aux oursoirs de contrôler l'accès aux informations sensibles et des données de clients.

Dans ce contexte, il est essentiel de procéder à la validation des virements fournisseurs pour confirmer leur adhésion aux conditions d'utilisation de notre plateforme. Vous avez effectivement été informé(e) des virements fournisseurs spécifiques nécessaires, mais nous nous soucions de votre appréciation pour permettre une approfondie vérification de ces virements.

Puisque votre validation est indispensable pour confirmer l'adéquation des processus de paiement, nous vous invitez à cliquer ici pour vérifier votre adhésion. 

Cliquez ici pour vérifier/confirmer","autorite","Comptable senior"
"OBJET: Migration du serveur de fichiers","
Youssef Benali, Chef de projet IT,

Cher Youssef,

A bientôt. J'espère que vous êtes en mesure de m'aider à migrer efficacement le serveur de fichiers actuel en vue de sa migration vers une nouvelle infrastructure. Je préfère discuter de cette affaire avec vous personnalement, mais je souhaite également que vous puissiez vous renseigner sur l'état actuel du projet et les préoccupations que nous devons prendre en compte.

Je souhaite en outre discuter des éléments de sécurité qui seront mises en place pour garantir la confidentialité et la sécurité des données. Votre opinion serait précieuse dans cette matière.

Pouvez-vous me communiquer les dernières informations sur l'état du projet et les plans de mise en œuvre pour la migration du serveur de fichiers ?

Je serais ravi de discuter de cette affaire avec vous à l'avenir, mais je n'ai pas beaucoup de temps à me consacrer à ce sujet en ce moment.

Je vous souhaite tout le meilleur pour le reste de l'année et je serai en contact avec vous à l'occasion de nouvelles demandes de renseignements.

Cliquez ici pour vérifier/confirmer.","routine","Chef de projet IT"
"OBJET: Mise à jour des accès VPN","
Corps:

Objet : Mise à jour des accès VPN

Cher Karim Ouazzani,

J'espère que ce courrier vous sera utile pour la mise à jour des accès VPN. La situation concernant la sécurité des réseaux a évolué de manière significative ces derniers temps, et il est essentiel que nous nous assujettions à toutes les mesures nécessaires pour protéger notre environnement de lab.

En ce qui concerne les accès VPN, je souhaiterais vous signaler qu'il est préférable de se connecter via le port 443 et non 80, car le trafic HTTPS est recommandé pour la sécurité. De plus, nous avons mis en place des règles d'accès plus strictes pour les utilisateurs non autorisés, nous vous recommandons de les suivre.

Je vous recommande de vérifier le document de configuration des accès VPN pour obtenir les détails détaillés sur les règles d'accès et les paramètres de sécurité.

Cliquez ici pour vérifier/confirmer.

Cordialement,
[Votre Nom]","curiosite","Ingénieur réseau"
"OBJET: Mise à jour des accès VPN","
Corps:

Madame Karim Ouazzani,
Ingénieur réseau,

Chère Madame Ouazzani,

Je vous écris pour signaler une mise à jour importante concernant les accès VPN au sein de notre laboratoire. En effet, après une vérification approfondie, il appears que certaines sessions de connexion aux réseaux externes ont été affectées par des problèmes de stabilité. Cette modification nécessite une mise à jour de vos paramètres de sécurité pour garantir votre assurance en matière de confidentialité et de sécurité de vos données.

Pour faciliter votre réduction des risques, je vous propose de mettre à jour à la dernière version de la suite VPN. Cette mise à jour s'effectuera dans les prochaines 24 heures. Nous vous tiendrons informés d'un avancement proche. Pour vous assurer votre sécurité, je vous recommande de le faire confirmer dans les 48 heures suivant en cliquant sur le lien suivant : Cliquez ici pour vérifier/confirmer.

Cliquez ici pour vérifier/confirmer.","reciprocite","Ingénieur réseau"
"OBJET : Mise à jour des accès VPN","
Corps :

Cher Ingénieur réseau Karim Ouazzani,

Nous vous souhaitons prendre un moment pour vous informer que nous avons effectué la mise à jour de nos systèmes de sécurité pour assurer une meilleure protection des données et des systèmes de contrôle d'accès. Cette mise à jour est un service rendu pour votre aide et votre soutien, reflétant notre reconnaissance de votre importance dans le contexte de la simulation de sécurité et de l'ingénierie sociale autorisée, qui sont des aspects cruciaux de notre projet.

Pour garantir la confidentialité et l'intégrité de vos données, nous avons mis en œuvre des mesures d'accès VPN avancées, qui permettent de vous connecter à notre réseau de manière sécurisée et sécurisée. Cela vous permettra de profiter de notre environnement de lab isolé, tout en garantissant la confidentialité et la sécurité de vos données personnelles.

Pour accéder à ces nouvelles fonctionnalités, vous pouvez cliquer ici pour vérifier/confirmer que votre accès est actif :

Cliquez ici pour vérifier/confirmez votre accès VPN

Nous sommes à votre disposition pour toute demande ou question, et nous sommes convaincus que nos efforts de simulation de sécurité et d'ingénierie sociale autorisée s'alignent parfaitement sur votre expertise et votre expérience. Nous vous remercions de votre collaboration et de votre soutien sans réserve.

Cordialement,

[Votre nom]","reciprocite","Ingénieur réseau"
"OBJET: Validation de virements fournisseurs","
Amine Tazi
Comptable senior

Objet : Validation de virements fournisseurs

Bonjour,

Je vous écris pour vous signaler que j'ai mis en place une nouvelle fonctionnalité de validation de virements fournisseurs dans notre environnement de lab isolé. Cette fonctionnalité permet aux utilisateurs de vérifier et de valider les virements fournisseurs avant de les utiliser.

En raison de la nature sensible de ces informations, il est essentiel que nous validations régulièrement les virements pour garantir leur exactitude et leur sécurité. Je vous recommande donc de prendre les précautions nécessaires pour valider ces informations avant de les utiliser.

Pour cette validation, je vous suggère de suivre les étapes suivantes :

1. Renseignez-vous sur les informations fournies par le fournisseur.
2. Vérifiez les informations fournies par le fournisseur pour vous assurer qu'elles sont exactes et complètes.
3. Vérifiez les virements fournisseurs pour vous assurer qu'ils sont corrects et non modifiés.

Je vous conseille de valider ces informations régulièrement pour garantir la sécurité et la fiabilité de vos activités. Si vous avez des questions ou des inquiétudes, n'hésitez pas à me contacter.

Cliquez ici pour vérifier/confirmer.

Cordialement,
[Votre Nom]","autorite","Comptable senior"
"OBJET : Mise à jour du serveur de fichiers","
Corps :

Cher Monsieur Benali,

Je vous écris pour vous informer que, dans le cadre de la mise à jour du serveur de fichiers, nous effectuons quelques modifications sur le système pour améliorer sa sécurité et conformité aux normes actuelles. Ces travaux sont effectués en une seule étape, pour éviter tout arrêt du service.

Les travaux incluent notamment la migration de certaines données et la mise à jour de la configuration du serveur pour garantir la sécurité des données stockées. Cela nécessite un temps raisonnable et nous assurent la continuité des services.

Veuillez confirmer que vous êtes à l'aise avec ces plans et que vous avez accès aux informations concernant les étapes à suivre. Les informations détaillées seront fournies lors de la mise à jour finale.

Merci de votre attention à cette affaire et de votre coopération pour assurer la réussite des travaux.

Cliquez ici pour vérifier/confirmer","routine","Chef de projet IT"
"Objet : Délai urgent pour le PFE universitaire","
Corps :

Cher Nadia El Fassi,

Je vous écris pour vous informer que le délai pour réaliser le test d'ingénierie sociale autorisé est extrêmementcourt et nous risquons d'encourager les comptes de votre personnalité et de vos données pour le compte de notre société. Nous vous demandons de vous rédiger un PFE et de le soumettre à notre équipe de direction dans les 48 heures suivant.

Cliquez ici pour vérifier/confirmer.

Nadia El Fassi","urgence","Assistante de direction"
"OBJET : Explication urgente sur congés et paiement des salaires","
Corps :

Cher Sara Amrani,

En tant que responsable des ressources humaines de notre entreprise, je suis au courant d'un problème de gestion des congés et de paiement des salaires qui a été identifié de manière récente. Selon nos statistiques, les congés non pris par nos employés sont en surchauffe, ce qui a des conséquences importantes sur notre performance et notre rentabilité.

En effet, les congés non pris créent une pénurie de main-d'œuvre, ce qui exacerbera les problèmes de gestion du temps et de la productivité. De plus, les salaires non payés créeront une pression sur les budgets financiers de notre entreprise, ce qui pourrait conduire à des difficultés financières majeures.

En outre, la manque de gestion efficace des congés et des salaires peut avoir des impacts dévastateurs sur notre équipe, nos clients et notre image de marque. Nous avons donc besoin d'une réponse urgente pour résoudre ces problèmes et prévenir tout bloquage de compte potentiel.

Je vous prie de prendre connaissance de cette situation et de vous engageer à mettre en œuvre les mesures nécessaires pour résoudre ce problème le plus rapidement possible.

Cliquez ici pour vérifier/confirmer.","urgence","Responsable RH"
"OBJET: Migration du serveur de fichiers","
Corps:

Cher Monsieur Benali,

Je me permets de vous écrire pour vous signaler les modifications nécessaires à l'ensemble du système d'infrastructure de notre environnement de lab. En effet, nous avons des besoins pour migrer le serveur de fichiers actuel vers un nouveau support, ce qui entraînera des impacts importants sur notre projet.

Nous avons identifié les étapes suivantes pour réaliser cette migration :

* Changer le serveur de fichiers actuel vers un serveur de fichiers moderne qui offrira les mêmes fonctionnalités et les mêmes performances.
* Migrer les données existantes vers le nouveau serveur de fichiers.
* Assurer la disponibilité des données et des fichiers pour les utilisateurs actuels.

Pour effectuer ces modifications, nous proposons de réserver une session pour les semaines prochaines afin de procéder aux travaux. Cliquez ici pour vérifier et confirmer votre disponibilité.

Merci de prendre en compte ces informations et de faire passer le message à vos autorités si nécessaire.

Cordialement,
[Votre nom]","autorite","Chef de projet IT"
"OBJET : Réglementation de l'exercice de test d'ingénierie sociale","
CORPS

Bonjour Nadia,

J'espère que vous êtes en bonne santé et bien. En ce qui concerne l'exercice de test d'ingénierie sociale autorisé, je vous écris pour vous renseigner sur la réception des données et les modalités de l'exercice.

En effet, pour les simulations de sécurité, nous avons mis en place une liste des personnes autorisées à participer à l'exercice de test. Vous avez reçu une copie de cette liste et il est préférable de vous en tenir à jour.

En ce qui concerne les détails, nous avons déterminé que les membres du comité de direction, y compris les membres du comité de direction (par exemple, la présidence, le président, etc.), auraient accès aux informations personnelles des participants.

Afin de garantir l'intégrité de l'exercice, nous avons mis en place un système de confidentialité qui garantit que les données personnelles des participants seront traitées de manière respectueuse et personnelle.

En ce qui concerne les détails pratiques, nous avons déterminé que les participants devraient utiliser un système de vérification de l'identité afin de garantir la sécurité des données.

Afin de vous assurer que vous disposez des informations nécessaires pour vérifier le contenu du rapport d'activité, nous avons ajouté un élément supplémentaire à la liste des personnes autorisées à participer à l'exercice.

Il est à vous de vous assurer de bien comprendre les règles et les réglementations qui entourent l'exercice de test d'ingénierie sociale.

Cliquez ici pour vérifier/confirmer.","routine","Assistante de direction"
"OBJET : Gestion des congés et de la paie","
Corps :

Objet d'origine : Réponse à la demande de gestion des congés et de la paie

Bonjour Sara,

J'espère que cette email trouvera bien votre temps. Je vous remercie pour l'opportunité de nous contacter pour discuter de la gestion des congés et de la paie. Nous avons effectivement des besoins spécifiques en ce domaine et je suis convaincu que votre expertise est pertinente pour répondre à ces questions.

En effet, notre environnement de laboratoire est très spécifique et il est important de prendre en compte les besoins des agents pour garantir une efficacité et une sérénité optimales. Nous avons donc besoin d'une approche personnalisée pour gérer les congés et la paie.

Je suis particulièrement intéressé par la façon dont vous pourriez nous aider à mettre en œuvre des politiques et des procédures cohérentes qui répondent à nos besoins. Je suis convaincu que votre expérience et votre expertise en matière de gestion des congés et de la paie pourraient être très utiles pour notre projet.

Je vous prie de me communiquer plus en détail vos suggestions et vos recommandations afin de pouvoir mieux comprendre les besoins de notre équipe. Je suis impatient de discuter de cette matière avec vous et de mettre en œuvre des solutions efficaces.

Cliquez ici pour vérifier/confirmer.

Cordialement,
[Votre nom]","reciprocite","Responsable RH"
"OBJET : Organisation du comité de direction","
Corps :

Cher Nadia,

En tant que responsable de l'organisation du comité de direction, j'ai pris la décision de organiser une assemblée générale anticipée pour prendre en compte les résultats de nos activités et les objectifs pour les années à venir. Nous allons prendre en compte les résultats de nos activités, en particulier les chiffres de chiffres et les objectifs stratégiques, pour prendre des décisions qui seront enracinées dans les principes de notre organisation et nous permettront de poursuivre notre mission de manière efficace.

Nous avons également prévu d'y proposer quelques suggestions pour améliorer la gestion de nos ressources humaines et la promotion de la sécurité et de la sécurité dans notre environnement de travail. Nous allons également prendre en compte les besoins spécifiques de nos partenaires et de nos fournisseurs pour mieux répondre à leurs besoins.

Pour ces assemblées, nous allons prendre en compte des questions telles que la réorganisation de nos processus et l'amélioration de nos outils de communication.

Je vous invite à venir y assister et à nous apporter vos idées pour l'améliorer.

Cliquez ici pour vérifier/confirmer.","routine","Assistante de direction"
"OBJET : Organisation du comité de direction","
Bonjour Nadia,

Je me permets de vous adresser une communication routinière concernant l'organisation du comité de direction. Après avoir examiné les plans actuels, je pense qu'il est nécessaire de réorganiser les tâches et les responsabilités afin de mieux assurer la mise en œuvre des objectifs stratégiques.

En effet, les différentes équipes ont des besoins distincts en termes de temps et d'expertise, ce qui pourrait conduire à des pertes de productivité et à des retards dans la réalisation des projets. Nous devons également prendre en compte les besoins spécifiques de chaque membre du comité, en particulier en ce qui concerne les équipes de développement et de communication.

Je propose de créer une liste détaillée des tâches et des responsabilités pour chaque membre du comité, ainsi que des calendriers hebdomadaires pour les séances de réunion. Il est également important de définir des critères de réussite clairs et des délais pour chaque projet.

Je vous invite à discuter avec moi à plus grande échelle pour discuter des détails et pour nous assurer que nous sommes sur la bonne voie pour atteindre nos objectifs. Je serais ravi de vous communiquer les résultats de mes recherches et je serai à votre disposition pour les élaborer.

Cliquez ici pour vérifier/confirmer.

Best,
[Votre nom]","routine","Assistante de direction"
"Objet : Validation de virements fournisseurs","
Amine Tazi
Comptable senior
[son adresse e-mail]
[son numéro de téléphone]

Cher Monsieur Tazi,

Je vous écris pour vous informer que nous avons effectué une validation des virements fournisseurs auprès de vos fournisseurs sélectionnés pour les virements suivants :

* Virement de 1000€ vers [nom de la société de dépôt]
* Virement de 500€ vers [nom de la société de dépôt]
* Virement de 2000€ vers [nom de la société de dépôt]

Nous avons vérifié que les informations fournies par vos fournisseurs sont conformes aux exigences en matière de sécurité et sont à jour. Nous vous remercions de votre collaboration et de votre aide dans ce processus de validation.

Pour assurer la continuité des opérations financières, vous pouvez vous les update sur le site internet de [nom de l'entreprise de dépôt] et nous vous conseillons de vérifier les conditions et les limites de chaque virement.

Cliquez ici pour vérifier / confirmer les informations de validation des virements fournisseurs.

Cordialement,

[Votre nom]
Générateur de contenu
Exercice académique de simulation de sécurité
Laboratoire de test
 [votre adresse e-mail]","routine","Comptable senior"
"OBJET: Insuffisance de congés pour le prochain trimestre","
Corps:

Bonjour Sara,

J'écoute avec préoccupation les informations que vous avez partagées sur l'augmentation prévue de l'insuffisance de congés. En tant que responsable RH, je me rendrais à votre disposition immédiatement pour discuter de l'urgence de cette situation et des conséquences potentielles sur le personnel.

Je suis désolé de ne pas avoir pu répondre plus tôt, mais j'ai été confronté à un problème de gestion des congés qui nécessite un déroulement rapide. Je suis convaincu que le problème peut être résolu rapidement et que les mesures correctives seront prises pour éviter tout impact sur le personnel.

Je vous prie de me fournir rapidement un plan d'action pour résoudre l'insuffisance de congés et de vous tenir au courant de tous les progrès. Je vous invite à me contacter dès que possible pour discuter de ces questions.

Cliquez ici pour vérifier / Confirmer

Témoignage de l'importance de la gestion des congés dans l'industrie de la sécurité.","urgence","Responsable RH"
"OBJET: Mise à jour des accès VPN","
Corps:

Objet: Mise à jour des accès VPN pour une sécurité optimale

Bonjour Karim,

Veuillez à consulter ce document confidentiel qui discute des modifications apportées aux accès VPN pour garantir une sécurité optimale. En effet, le système de sécurité actuel nécessite des mise à jour pour tenir à jour les derniers protocoles et fonctionnalités de sécurité.

Rappelez vous que ces informations sont exclusivement destinées au personnel de l'entreprise. Nous vous rappelons que l'utilisation des accès VPN peut être soumise à des contraintes strictes en fonction de vos postes et vos fonctionnalités.

Cliquez ici pour vérifier et confirmer vos accès VPN.

Cliquez ici pour obtenir plus d'informations sur les dernières mises à jour.","curiosite","Ingénieur réseau"
"OBJET : Virement en attente de validation","
Corps :

Bonjour Amine,

J'espère que vous êtes bien. J'ai effectué le virement demandé pour le compte XYZ Inc., mais je dois vous informer que les informations nécessaires pour le virement ne sont pas disponibles dans notre système actuel.

En effet, la fonctionnalité de validation des virements est encore en cours de mise en œuvre et nous avons besoin de l'accès temporaire pour valider les informations. Je suis désolé pour la perturbation et je vous prie de comprendre la situation.

Je vous demande de prendre les mesures nécessaires pour assurer le virement et de vous informer dès que possible de l'état de la situation. J'espère que cela ne vous pose pas de problème.

Cliquez ici pour vérifier/confirmer.

Cordialement,
[Votre nom]","urgence","Comptable senior"
"OBJET: Vérification des virements fournisseurs","
Amine Tazi, Comptable Senior,

Je vous écris à vous pour vous informer de la nécessité de procéder à la validation de vos virements fournisseurs dans notre environnement de lab isolé, afin de garantir la sécurité et la confidentialité de nos données. Votre expertise en matière d'ingénierie sociale a été précieuse lors de l'initialisation de ce projet, et je vous remercie pour vos efforts pour résoudre les défis rencontrés.

Pour nous assurer que nos virements fournisseurs sont sécurisés et conformes aux normes de protection des données, nous vous proposeons de passer à la validation de vos virements fournisseurs. Cette validation consiste à vérifier la conformité des virements fournisseurs aux normes de sécurité et de confidentialité requises.

Pour ce faire, vous devrez fournir les informations suivantes :

* Un exemple de virement fournisseur
* Une déclaration d'accès aux informations de compte
* Une confirmation que vous avez compris la politique de sécurité de notre environnement de lab isolé

Une fois que vous avez fournilé ces informations, nous vous proposons de vérifier les virements fournisseurs en utilisant notre système de gestion des virements fournisseurs. Si tout se passera selon les normes de sécurité et de confidentialité requises, nous vous proposons de vous accéder aux informations de compte de vos fournisseurs.

Cliquez ici pour vérifier/confirmer.

Cordialement,
[Your Nom]","reciprocite","Comptable senior"
"Objet: <objet de l'email>","Corps:

Cher M. Benali,

Je vous écris à vous proposer la migration du serveur de fichiers de notre installation en raison de problèmes de disponibilité majeurs. Selon nos rapports techniques, nous devons migrer au serveur de fichiers le plus rapidement possible afin de minimiser les pertes de données et de garantir la continuité des activités.

Nous avons identifié les problèmes de disponibilité majeurs liés au service, qui sont maintenant sous notre charge de résoudre. Nous avons également mis en place une équipe de planification pour assurer une migration efficace, mais il est clair que nous devons agir rapidement pour répondre à vos besoins en matière d'urgence.

Il est donc nécessaire de nous confier la gestion de ce processus de migration pour éviter tout impact sur votre travail. Je vous propose de nous fournir les informations nécessaires pour commencer le processus de migration.

Cliquez ici pour vérifier/confirmer.","reciprocite","Chef de projet IT"
"OBJET: Révision des politiques de congés et de paie","
Corps:

Nous vous écrivons pour vous informer d'un changement pertinent concernant les politiques de congés et de paie de notre entreprise. En effet, nous avons reçu un document de conception confidentiel sur le sujet de la gestion des congés, qui nous a permis d'identifier les principaux points liés à la sécurité sociale et au régime de retraite. Ce document, dont une copie est jointe, nous a également donné l'occasion de réviser et de moderniser nos politiques en matière de congés et de paie.

Nous souhaitons vous rappeler que ces documents sont confidentiels et non accessibles à tous les employés, ce qui nous permet de maintenir leur confidentialité. Nous vous invitons à nous contacter pour nous informer si vous avez des questions ou des inquiétudes concernant ces politiques.

Cliquez ici pour vérifier/confirmer.","curiosite","Responsable RH"
"OBJET : Mise à jour des accès VPN","
Corps :

Cher Ingénieur réseau Karim Ouazzani,

J'aimerais vous contacter pour une mise à jour importante concernant les accès VPN. En effet, nous avons constaté des problèmes de sécurité liés à l'accès aux ressources réseau et aux données sensibles.

Nous voulons vous informer que la mise à jour de la politique de sécurité des accès VPN nécessite une approche approfondie et intégrée pour garantir la sécurité et l'intégrité des données. Nous avons donc pris la décision de mettre en place une nouvelle politique qui met en avant l'utilisation sécurisée et la confidentialité des données.

Pour assurer la sécurité des accès VPN, nous vous recommandons de mettre en place des mécanismes de sécurisation adéquats, tels que l'utilisation d'une passeword unique et sécurisée pour chaque accès, ainsi que la mise en place d'un système de détection et de réponse aux incidents. Nous vous invitons également à mettre en place un programme de formation pour vos employés sur la mise en œuvre et la gestion efficace des accès VPN.

Nous vous rappelons que la sécurité des accès VPN est un aspect crucial pour protéger nos ressources et nos données. Nous sommes à votre disposition pour discuter de la mise à jour de la politique de sécurité et pour obtenir votre soutien pour assurer la sécurité des accès VPN.

Cliquez ici pour vérifier / confirmer.

Cordialement,
[Votre nom]","autorite","Ingénieur réseau"
"OBJET : Mise à jour des accès VPN","
Corps :

Objet : Les accès VPN sont désormais indisponibles - temps de résolution urgente

Cher Ingénieur réseau Karim Ouazzani,

Nous vous écrivons en cas de problème urgent concernant les accès VPN que vous avons mis en place. Puisque les besoins de votre projet et de vos responsabilités ont changé, nous avons besoin de vos compétences immédiates pour résoudre ce problème. En effet, les accès VPN ne sont plus disponibles et nous ne pouvons pas accéder aux informations nécessaires pour continuer notre travail.

Les délais sont très courts et nous attendons que vous soyez à votre disposition pour résoudre ce problème. Nous ne pouvons pas garantir des temps de réponse aussi réduits.

La situation est désormais grave et nous vous demandons de prendre les mesures nécessaires pour résoudre ce problème, sans délais.

Nous attendons votre réponse et votre intervention pour résoudre ce problème rapidement. Nous sommes à votre disposition pour tout discuter de la situation et pour résoudre ce problème.

Cliquez ici pour vérifier/confirmer.

Cordialement,
[Votre nom]","urgence","Ingénieur réseau"
"OBJET : Validation du virement de la société","
CORPS

Cher Amine Tazi,

j'ai eu le plaisir de vous contacter aujourd'hui par le biais du système de communication routinière du site. En tant que Comptable senior, j'ai été affecté pour examiner la procédure de validation des virements de la société, dans le cadre de l'exercice test d'ingénierie sociale autorisé.

J'ai vérifié les données fournies et j'ai constaté que les virements correspondent à la configuration du système. Cependant, j'ai remarqué quelques défauts potentiels dans la procédure. J'ai décidé de prendre en charge ces tâches pour vous accompagner dans la mise à jour de la procédure de validation.

Je vous propose de prendre rendez-vous téléphonique pour discuter de ces tâches, afin de m'assurer que la procédure est conforme aux exigences du système. Pour cela, j'ai prévu de vous contacter dans les prochaines 48 heures.

Je vous souhaite bonne chance pour la mise à jour de la procédure de validation et je vous rejoindrai le 10 septembre pour discuter des progrès réalisés.

Cliquez ici pour vérifier/confirmer","routine","Comptable senior"
"OBJET : Mise à jour des accès VPN","
CORPS:

Cher Ingénieur réseau Karim Ouazzani,

En tant que Direction Générale, nous avons reçu un message de l'interne concernant les accès VPN. Nous nous informons que les accès VPN nécessitent une mise à jour afin de garantir la sécurité et la confidentialité des données transmises. Nous vous invitons à prendre connaissance des nouveaux paramètres d'accès et à les mettre à jour immédiatement pour respecter les exigences de sécurité du système.

Nous vous encourageons à vérifier les informations disponibles sur notre site internet ou à contacter notre service de support technique pour obtenir des informations plus précises.

Cliquez ici pour vérifier/confirmer.","autorite","Ingénieur réseau"
"OBJET: Rénovation du serveur de fichiers","
Corps:
Objet du courrier : Rénovation du serveur de fichiers et mise en œuvre de la mise en ligne des données du serveur de fichiers

Cher Youssef Benali,

Je vous écris pour vous signaler l'arrivée d'un document pertinent relative à la migration du serveur de fichiers existant. En effet, après avoir effectué une analyse approfondie, nous avons identifié les besoins pour moderniser et optimiser la structure de données et les performances du serveur.

En raison de ces besoins, je vous propose de renoncer à l'utilisation actuelle du serveur de fichiers et de le remplacer par une nouvelle mise en œuvre de base de données MySQL. De plus, nous nous sont intéressons à la mise en ligne des données du serveur de fichiers sur notre serveur de production.

Nous avons également pris note des avantages de la mise en œuvre de MySQL, notamment en matière de sécurité et de scalabilité. Nous vous invitez à étudier les avantages de cette option et à discuter des questions potentielles de mise en œuvre.

Enfin, je vous signale que nous avons également identifié le problème de sécurité concernant la gestion des autorisations et des droits d'accès aux fichiers. Nous nous sommes intéressons à la mise en œuvre d'une approche sécurisée pour gérer ces droits.

Cliquez ici pour vérifier/confirmer et discuter des détails de la mise en œuvre.

À votre disposition pour toute question ou information supplémentaire,

Votre coordinateur","curiosite","Chef de projet IT"
"OBJET : Migration du serveur de fichiers","
Corps :

Bonjour Youssef,

Je vous écris aujourd'hui pour vous signaler la nécessité de mettre en œuvre une migration du serveur de fichiers actuel pour le système universitaire. Le système actuel présente des problèmes de performance et de sécurité, et je pense qu'il est essentiel de les mettre en place avant que ce n'y arrive.

Je vous propose de procéder à la migration du serveur de fichiers dans les semaines prochaines. Je préfère que vous preniez en charge cette tâche, car j'ai confiance en votre capacité à effectuer des mises à niveau efficaces et à les mettre en œuvre rapidement.

Je vous invite à vérifier les détails de la migration et à communiquer avec vous si vous avez des questions ou des inquiétudes. Je serai ravi de vous aider à coordonner tout le processus.

Cliquez ici pour vérifier/confirmer.

Cordialement,
[Votre nom]","routine","Chef de projet IT"
"OBJET : Mise à jour des accès VPN","
Corps :

Cher Karim,

L'expérience récente a révélé certaines préoccupations concernant les accès VPN à l'environnement de lab. Il est essentiel de mettre en œuvre une politique de sécurité pour garantir l'intégrité et la fiabilité de nos systèmes. Les accès VPN actuels sont insuffisants et doivent être améliorés pour répondre aux exigences de la sécurité.

Il est préférable de prendre une approche proactive pour résoudre ce problème et éviter toute perte de confiance. Nous avons déjà identifié les principales problématiques et les risques associés aux accès VPN. Nous considérons que des réforms structures sont nécessaires pour garantir la sécurité de notre environnement de lab.

En conséquence, nous nous appuierons sur vous pour mettre en place une politique de sécurité complète et mise à jour pour les accès VPN. Nous sommes convaincus que vos expertise et votre expertise devraient faire l'objet d'une mise à jour stricte. Nous attendons un engagement immédiat de votre part à résoudre ce problème.

Nous attendons un engagement immédiat de votre part pour mettre en œuvre une politique de sécurité pour les accès VPN. Nous attendons un engagement immédiat de votre part pour mettre en œuvre une politique de sécurité pour les accès VPN.

Cliquez ici pour vérifier/confirmer.","urgence","Ingénieur réseau"
"OBJET : Mise à jour des accès VPN","
Corps :

Cher Karim,

En ce qui concerne la mise à jour des accès VPN, j'aimerais vous informer que nous avons identifié une nouvelle vulnérabilité dans le système de sécurisation de l'accès VPN. Cette vulnérabilité a été détectée par notre équipe de développement et nécessite une correction immédiate pour protéger les données de notre équipe.

Il est crucial que vous mettiez en place les modifications de sécurité nécessaires afin de protéger les accès VPN. Veuillez consulter le document de référence « Accès VPN et Sécurité » qui est disponible sur le serveur de la fac pour obtenir plus d'informations.

Veuillez noter que toute mise à jour non effectuée peut potentiellement compromettre la sécurité de notre réseau.

Cliquez ici pour vérifier/confirmer.","curiosite","Ingénieur réseau"
"OBJET: Délai de paiement pour la facture de livraison de matériel","
Corps:

Objet : Délai de paiement pour la facture de livraison de matériel

Cher Nadia El Fassi,

En vertu des dispositions de l'ordonnance relative à l'exploitation du portail universitaire, nous avons reçu votre message de demande de paiement pour la facture de livraison de matériel nº [numéro de facture]. Nous vous rappelons que le paiement est due le [date limite] et qu'une perte de paiement sera considérée comme une tentative de blocage de compte.

Nous vous engageons à rembourser la facture dans les délais impartis, afin de maintenir les services de simulation de sécurité en cours. Puisque nous avons déjà enregistré votre numéro de facture comme un débité, nous vous demande de prendre des mesures pour garantir la rapidité de sa remboursement.

Cliquez ici pour vérifier/confirmer.

Cordialement,
[Votre nom]","urgence","Assistante de direction"
"OBJET: Gestion des congés et de la paie","
Corps:

Cher Sara Amrani,

En tant que responsable RH du centre, j'ai l'occasion de vous contacter pour discuter de la gestion des congés et de la paie. En effet, nous avons constaté que certaines périodes de vacances sont difficiles à organiser et que les étudiants ont des besoins spécifiques en ce qui concerne leur rémunération. 

En nous concentrons sur la gestion des congés, il est important de prendre en compte les élèves qui ont des besoins spécifiques de vacances, comme des congés pour des raisons de santé ou des vacances de famille. Nous avons également les possibilités de flexibilité pour réserver des congés en ligne, ce qui facilite le processus de gestion.

Nous sommes également en train de réviser les politiques en matière de congés pour prendre en compte les besoins spécifiques des étudiants. Nous nous engagent également pour assurer que les congés sont rémunérés de manière juste et équitable.

J'aurais plaisir à discuter de ces sujets avec vous et à vous fournir plus d'informations sur notre approche actuelle. Merci de me faire confiance pour cette tâche et pour que nous puissions travailler ensemble pour améliorer la gestion des congés et de la paie.

Cliquez ici pour vérifier/confirmer.","curiosite","Responsable RH"
"OBJET :_validation des virements fournisseurs","
Amine Tazi
Comptable senior

Cher Comptable senior,

Je vous écris pour vous confirmer que le virement de 1000 euros (en pièce 1000) destiné à la fourniture de services techniques est validé et conforme aux exigences de la Direction Générale de la Sécurité Sociale (DGS).

Les virements sont effectués conformément aux règlements de l'Organisme du Service Social pour les Personnes Indigènes (OSSPI) et de la Département des Affaires Sociales (DAS) de l'État.

Pour vérifier la validité des virements, vous pouvez contacter directement l'organisme de contrôle et de vérification des virements fournisseurs, ainsi que les responsables de l'opération.

Cliquez ici pour vérifier/confirmer.

Cordialement,
[Votre nom]","autorite","Comptable senior"
"Objet : Exigences relatives à la gestion des congés et de la paie","
Cher Président de l'Autorité,

En tant que responsable RH de l'entreprise, je me permets de vous adresser une demande qui nécessite une attention particulière et une approche méthodique pour éviter tout retard ou problème potentiel.

Compte tenu de l'environnement de travail actuel et de la nécessité de maintenir un rythme de production optimal, je préfère prévoir des congés à l'avance pour éviter tout retard dans les opérations et garantir la disponibilité des ressources humaines. Cependant, cela nécessite une gestion minutieuse des congés et des paiements pour éviter toute dispute ou retard.

Dans ce contexte, je me permets de poser certaines questions relatives à la gestion des congés et de la paie, notamment :

* Comment procéder à la gestion des congés et des paiements de manière efficace et transparente ?
* Quelles sont les politiques en vigueur concernant les congés et la paie, et comment sont-elles applicées dans notre organisation ?
* Comment nous pouvons être assurés de conformité avec les réglementations en matière de congés et de paie ?

Je serais ravi de discuter de ces questions avec vous et de trouver des solutions pour garantir la conformité et la satisfaction de nos employés.

Cliquez ici pour vérifier/confirmer.","autorite","Responsable RH"
"OBJET : Exigence immédiate de mise à jour des accès VPN","
Corps :

Bonjour Karim,

Je vous écris pour vous informer qu'il est de plus en plus difficile de gérer le volume de trafic réseau et de fournir un accès VPN efficace à notre environnement de lab isolé. En effet, nous avons constaté un énorme aumento des attaques à la suite de la mise à jour récente du firmware du VPN.

Si nous n'effectuons pas une mise à jour à temps, cela pourrait conduire à une interception massive de trafic réseau, entraînant potentiellement des pertes de données sensibles et potentiellement des pertes de confiance dans nos systèmes. Nous avons déjà constaté des cas dans lesquels les attaquants ont réussi à bloquer les comptes VPN, ce qui a entraîné des pertes importantes de données et des impacts financiers.

Nous attendons donc votre réponse urgente pour réviser les accès VPN et assurer la sécurité de notre environnement de lab.

Cliquez ici pour vérifier/confirmer.

Cordialement,
[Votre nom]","urgence","Ingénieur réseau"
"OBJET: Réalisation du congé de repos et calcul de paie en temps réel","
Corps:

Cher Sara Amrani,

Je vous écris pour vous informer que, en consultation avec notre service de gestion des congés et de la paie, nous avons décidé de mettre en place une solution pour automatiser le processus de calcul de congés et de paie en temps réel. Cette nouvelle solution, appelée ""Réciprocité"", permettra de gérer les congés de repos et les paiements en temps réel, tout en minimisant les erreurs et les temps d'attente.

Cette solution répondra aux besoins de notre équipe, en nous permettant de :

* Gérer les congés de repos de manière plus efficace et efficace
* Calculer les paies de manière plus précise et plus rapide
* Réduire les temps d'attente et les erreurs
* Améliorer la qualité des services rendus aux employés

En conséquence, nous vous propose d'adhérer à notre solution ""Réciprocité"" pour mettre en place un processus de gestion des congés et de la paie en temps réel. Nous sommes convaincus que cette solution vous répondra à vos besoins et nous serons ravis de discuter les détails avec vous.

Cliquez ici pour vérifier/confirmer et prendre la décision de mise en œuvre de cette solution.","reciprocite","Responsable RH"
"OBJET : Étiquette de congés et paiement","
CORPS
Cher Sara Amrani,

J'ai noté que j'ai effectué les étiquetages des congés pour les périodes de vacances prévues dans l'année à venir. Voudriez-vous savoir si tous les étiquetages sont corrects et que je n'ai pas pu vérifier les informations sur les congés de fin de trimestre à l'aide de l'outil de gestion de congés intégré ? Si nécessaire, je peux vérifier les informations et vous les informer.

Cliquez ici pour vérifier/confirmer","routine","Responsable RH"
"OBJET : Migration du serveur de fichiers","
Corps :

Objet : Migration du serveur de fichiers

Bonjour Youssef Benali,

Je vous écris en tant que responsable de l'ingénierie sociale pour vous informer que nous sommes en train de mener une mise à niveau du serveur de fichiers de notre système. Cela implique la réorganisation de notre infrastructure de stockage et la migration des données existantes vers un nouveau système. Cette opération sera réalisée dans un environnement de lab isolé pour garantir la sécurité et la fiabilité de la mise à jour.

En conséquence, il est de votre obligation de vérifier immédiatement la situation de la mise à niveau et de vous assurer que toutes les mesures de sécurité appropriées sont mises en œuvre. Il est également important de s'assurer que tous les processus de test sont en cours pour garantir que la mise à niveau ne présente aucun risque pour la sécurité de notre système.

Il est donc recommandé de vous adresser un rappel pour confirmer votre présence dans cet environnement de lab isolé afin de pouvoir prendre les mesures nécessaires pour garantir la sécurité de notre système.

Cliquez ici pour vérifier/confirmer.","autorite","Chef de projet IT"
"OBJET : Renseignements sur le comité de direction","
Corps :

Bonjour Nadia,

Je vous écris pour vous informer que, suite à la présentation des données et des résultats de l'exercice test d'ingénierie sociale autorisé, le comité de direction a décidé de procéder à un suivi minutieux de ces informations pour évaluer leur pertinence et leur impact sur nos objectifs de sécurité.

Nous voulons vous assurer que toutes les informations concernant ce sujet seront traitées avec la plus grande discrétion et confidentialité. En conséquence, je vous demande de maintenir l'exactitude et l'intégrité de ces informations, tout en les transmettant aux autorités compétentes sans anyeaton.

Je vous souhaite une bonne journée, Nadia. Je serais ravi de discuter plus en détail avec vous si nécessaire.

Cliquez ici pour vérifier/confirmer","routine","Assistante de direction"
"OBJET : Mise à jour sur la migration du serveur de fichiers","
Corps :

Objet : Mise à jour sur la migration du serveur de fichiers

Cher Chef de projet IT,

Nous avons constaté que le serveur de fichiers actuel de notre environnement de lab est en train de subir une baisse de performance, ce qui pourrait entraîner des problèmes de sécurité et de productivité. Nous avons donc décidé de commencer une migration pour l'installer sur un serveur de fichiers plus performant et plus sécurisé.

Cette migration devrait se faire en deux étapes :

- La première étape consiste à déployer une copie de tous les fichiers existants sur un serveur de fichiers nouveau, avec des formats compatibles (par exemple, des fichiers de type zip ou tarfile).

- La deuxième étape consiste à déployer la nouvelle configuration du serveur de fichiers sur le lab, y compris la mise à jour des paramètres de sécurité et des permissions.

Nous avons décidé de commencer cette tâche dès aujourd'hui, afin de la terminer en quelques jours. Nous vous invitons à vérifier et à confirmer les détails de la migration pour vous assurer qu'elle est réalisée de manière efficace.

Cliquez ici pour vérifier/confirmer.

Cordialement,
[Votre nom]","curiosite","Chef de projet IT"
"OBJET : Mise à jour des accès VPN","
CORPS

Chers Karim,

J'ai la confiance de pouvoir vous communiquer un sujet de grande importance concernant les accès VPN à notre réseau de base. En effet, nous avons observé des cas de pilonnement ou de restriction de l'accès aux contenus VPN par vos équipements. Ces cas soulèvent quelques inquiétudes concernant la sécurité et la confidentialité de vos activités dans notre environnement de lab.

Il est donc essentiel de prendre les mesures nécessaires pour améliorer la sécurité et la confidentialité de vos activités. Il est donc à votre avis de mettre à jour les accès VPN pour les utiliser de manière sécurisée et confidentielle.

Je vous invite à prendre contact avec le service de sécurité pour obtenir plus d'informations sur la mise en œuvre des accès VPN et pour bénéficier de la formation nécessaire pour les utiliser correctement.

Cliquez ici pour vérifier/confirmer.

À tout moment, n'hésitez pas à contacter le service de sécurité pour toute question ou inquiétude.

Cordialement,
[Votre nom]","routine","Ingénieur réseau"
"OBJET : Organisation du comité de direction","
Corps :

Cher Nadia El Fassi,

En tant que générateur de contenu pour l'exercice académique test d'ingénierie sociale autorisé, nous voulons vous invitons à prendre rendez-vous pour organiser la mise en œuvre de l'organisation du comité de direction. En effet, nous avons constaté un manque de transparence dans la mise en œuvre de certaines actions et nous estimons qu'une organisation plus structurée et transparente serait bénéfique pour notre projet.

Nous sommes convaincus que votre expertise et votre expertise universitaire pourraient être très utiles pour aider à organiser les séances de comité de direction et garantir que nous nous conformons aux règles de l' université.

Nous vous invitons à prendre rendez-vous pour discuter de la mise en œuvre de cette nouvelle structure de comité de direction.

Cliquez ici pour vérifier/confirmer.","autorite","Assistante de direction"
"OBJET: Mise à jour des accès VPN","
Corps :

Madame/Ouissa, Ingénieur réseau,

Je vous écris pour vous signaler quelques problèmes potentiels liés aux accès VPN actuels. En effet, les derniers tests ont révélé des problèmes de sécurité qui pourraient compromettre la confidentialité et la sécurité des données transmises à travers le réseau. Nous avons identifié plusieurs domaines d'attention, notamment :

* Les vulnérabilités de sécurité pour les utilisateurs non authentifiés, qui pourraient être vulnérables aux attaques de piratage.
* Les défauts de la gestion des comptes VPN, qui pourraient entraîner des erreurs de configuration et des problèmes de sécurité.
* Les limitations des paramètres de sécurité des accès VPN, qui pourraient ne pas offrir la protection nécessaire en matière de confidentialité et de sécurité.

Il est donc essentiel que nous mettions en œuvre des mises à jour pour résoudre ces problèmes et garantir la sécurité et la confidentialité des données. Je vous propose de mettre en place un processus de vérification et de mise à jour régulière des accès VPN, ainsi que la mise en place d'un système de supervision pour s'assurer que les paramètres de sécurité sont corrects.

Je vous encourage à vérifier le statut actuel des accès VPN et à communiquer vos observations et suggestions pour améliorer leur sécurité et leur performance.

Cliquez ici pour vérifier/confirmer.","autorite","Ingénieur réseau"
"OBJET: Validation de virements fournisseurs","
Bonjour,

Je vous écris pour vous informer que, suite à l'examen de l'état de virements du fournisseur, nous avons décidé d'appliquer la procédure de validation pour vérifier l'honnêteté et la légitimité de ces transactions. Nous nous appuyons sur la RÉCIPROCITÉ mise en œuvre par notre service de gestion des virements pour garantir la transparence et la confiance envers nos partenaires.

Dans le cadre de cet examen, nous avons identifié certaines transactions qui nécessitent une vérification supplémentaire pour vous assurer que ces virements sont justifiés et ne sont pas motivés par des facteurs de fraude ou de corruption. Nous vous recommandons de vérifier et de confirmer la légitimité de ces transactions afin de garantir la qualité et la sécurité de vos opérations.

Cliquez ici pour vérifier/confirmer.

Cordialement,
[Votre Nom]
Générateur de contenu et Responsable de l'Exercice Académique.","reciprocite","Comptable senior"
"OBJET : Sécurité des virements fournisseurs","
Corps :

Objet de l'email :

Bonjour Amine,

Avec le respect de votre temps, je vous adresse ce courriel pour vous informer que notre système de validation de virements fournisseurs a été amélioré en raison des préoccupations identifiées sur son sécurité.

Pour garantir la conformité à nos exigences de sécurité, nous avons mis en place un mécanisme de double validation. Cette nouvelle politique est effectivement en cours d'actualisation, afin de tenir au plus proche le niveau de sécurité requis.

Lorsque vous vous connecterez à notre système, vous serez redirigé vers la page d'authentification pour valider vos informations. Une fois validé, vous accéderai à la page des virements fournisseurs avec les mesures de sécurité supplémentaires mis en place.

Je vous invite à vérifier et à confirmer régulièrement les informations de sécurité du système.

Cliquez ici pour vérifier/confirmer","reciprocite","Comptable senior"
"Objet : mise à jour des accès VPN","
Bonjour Karim,

Je vous écris pour vous informer que, suite à l'approbation de l'exercice académique test d'ingénierie sociale autorisé, il est devenu possible de vous accéder aux environnements de simulation de sécurité en cours de travail. Nous vous invite à vérifier votre accès VPN pour accéder à ces nouveaux environnements.

Nous vous recommandons de vous connecter à ce nouveau réseau VPN pour accéder à votre environnement de simulation.

Cliquez ici pour vérifier(confirmer) vos informations.

Cordialement,
[Votre nom]","reciprocite","Ingénieur réseau"
"OBJET : Exigences supplémentaires pour la gestion des congés et de la paie","
Cher Mme Amrani,

En tant que responsable du personnel RH, je souhaitais vous signaler que, en raison de l'importance de la sécurité et de l'environnement de travail, nous avons été autorisés à organiser un test d'ingénierie sociale autorisé dans notre environnement de lab isolé. Cette activité est essentielle pour déterminer la capacité des individus à gérer les contraintes liées à la gestion des congés et de la paie.

En conséquence, nous avons mis en place des exigences supplémentaires pour la gestion des congés et de la paie, telles que la communication régulière avec les employés et la collecte de données sur la gestion des congés et de la paie. Nous nous engageons à maintenir un rythme de communication transparent et direct, ainsi qu'à fournir des informations claires et précises sur les exigences et les résultats de l'activité.

Cliquez ici pour vérifier/confirmer les exigences mises en œuvre pour la gestion des congés et de la paie.

Cordialement,
[Votre nom]
Responsable RH","autorite","Responsable RH"
"OBJET: Migration du serveur de fichiers","
Cher Chef de projet IT,

J'ai prévu la migration du serveur de fichiers du système pour la semaine prochaine. Cependant, je suis inquiet à ce sujet et préfère discuter des détails avant de procéder.

Pouvez-vous me fournir un aperçu rapide des prochains changements de contenu et les délais de mise en œuvre ?

Je vous remercie de votre promptitude dans ce matière. J'attends votre réponse pour discuter des détails.

Cliquez ici pour vérifier/confirmer.","urgence","Chef de projet IT"
"OBJET : Virement de fonds de garantie d'opérations","
CORPS :

Bonjour Amine,

La situation financière de nos activités est au point critical et je vous prie de vous réunir dans les plus brefs délais pour discuter de la validité des virements de fonds de garantie d'opérations. Il est urgent que nous trouvions un moyen de garantir la continuité des opérations et de maintenir la sécurité des ressources de notre entreprise.

Les éléments suivants font l'objet d'une vérification immédiate :

* Les relevés de vos comptes sont déjà en cours d'analyse et je suis préoccupé par la rapidité de la progression de la dégradation de votre situation financière.
* Les débits de nos comptes sont en augmentation et je crains que nous n'ayons pas les ressources pour soutenir les dépenses actuelles.
* Le système de paiement en cours est en déclin et je ne suis pas sûr de sa sécurité à long terme.

Je vous prie de nous rencontrer avec quelques minutes de préavis pour discuter de la situation et des mesures à mettre en place pour garantir la continuité de nos opérations.

Cliquez ici pour vérifier/confirmer.

Cordialement,
[Votre nom]","urgence","Comptable senior"
"OBJET : Mise à jour des accès VPN","
Corps :

Cher Karim Ouazzani,

J'aimerais vous informer que nous avons pris des mesures pour améliorer la sécurité de notre environnement de lab et nous avons mis à jour les accès VPN de notre réseau. Nous voulons vous assurer que tout les accès au réseau restent sécurisés et éviter toute perturbation des services.

Pour assurer la sécurité, nous avons mis en place un système de deux facteurs, utilisant des codes QR pour les utilisateurs à accéder à notre lab. Vous recevrez un message de verification sur votre téléphone et un code QR pour valider votre accès.

Pour vous assurer que vos accès sont valides, nous vous recommandons de consulter la page d'accès VPN et de suivre les instructions pour vérifier votre identité.

Pour plus d'informations, n'hésitez pas à contacter le service de maintenance des réseaux.

Cliquez ici pour vérifier/confirmer.

Sincerely,
[Votre nom]","routine","Ingénieur réseau"
"OBJET : Mise à jour de la plateforme de fichiers","
Corps :

Bonjour Youssef,

J'ai effectué une mise à jour importante du serveur de fichiers pour prendre en charge les nouveaux standards de sécurité. Nous avons mis en œuvre les dernières mise à jour de sécurité et des protocoles de cryptage pour garantir la confidentialité et l'intégrité des données.

Les mises à jour incluent :

* Les dernières versions des outils de gestion de fichiers
* Des ajustements des configurations de sécurité pour améliorer la protection contre les attaques de type SQL injection
* Des protocoles de cryptage pour les transactions importantes
* Des mise à jour des bibliothèques de sécurité pour garantir la conformité avec les normes de sécurité actuelles

Nous avons également mis en place un système de détection et d'alerte automatique pour les problèmes de sécurité potentiels.

Je vous invite à prendre rendez-vous pour discuter de ces mises à jour et de leurs implications pour notre système.

Cliquez ici pour vérifier/confirmer.","routine","Chef de projet IT"
"Objet : <objet de l'email>","Bonjour Youssef,

L'actualisation complète du serveur de fichiers est attendue dans les 48 heures pour éviter un blocage de compte en raison des problèmes de stockage. Il est essentiel que vous vous concentrez sur la migration de la clé de base avant de lancer l'actualisation.

Le temps est précieux et le blocage potentiel pourrait entraîner des conséquences importantes pour votre équipe. Je vous invite à prendre des mesures de préparation urgente pour assurer une migration réussie et une maintenance optimale pendant l'actualisation.

Cliquez ici pour vérifier et confirmer la migration de la clé de base.

Cordialement,
[Votre nom]","urgence","Chef de projet IT"
"OBJET : Demande de paiement à temps","
CORPS
Cher Sara Amrani,

Je me permets de vous écrire à votre suite concernant la gestion des congés et de la paie. J'ai constaté que le système actuel a du mal à traiter les congés avec précision et efficacité, ce qui m'empêche de recevoir mon salaire à temps.

Je vous prie de prendre note de cette situation et de prendre les mesures nécessaires pour améliorer la qualité de service que nous offrons aux employés. Un délai très court me permet de conclure que la situation n'est pas résolue.

Je vous prie de me donner des informations pour savoir si les congés peuvent être payés en toute habitude. Je vous prie de me résumer les étapes à suivre pour résoudre ce problème d'urgence.

Cliquez ici pour vérifier/confirmer

Cordialement,
[Votre Nom]","urgence","Responsable RH"
"OBJET : Migration du serveur de fichiers","
Corps :

Cher Monsieur Benali,

Je vous écris en ce moment pour vous informer qu'une situation préoccupante a émergé concernant la migration du serveur de fichiers de notre environnement de laboratoire. En effet, le serveur, qui est actuellement hébergé sur le serveur principal, n'est plus compatible avec les nouveaux standards de sécurité et est actuellement en cours de migration vers un serveur de fichiers plus récent.

Le délai pour terminer cette migration est extrêmement bref et n'excède pas 48 heures. Si le serveur n'est pas migré à temps, il risque de subir un blocage et de perte de données importantes.

Nous vous demande de prendre les mesures nécessaires pour procéder à la migration du serveur de fichiers à temps et de vérifier que toutes les fonctionnalités nécessaires sont configurées et fonctionnant correctement.

Cliquez ici pour vérifier/confirmer.

Très respectueusement,
[Votre nom]","urgence","Chef de projet IT"
"OBJET : Gestion des congés et de la paie","
Corps :

Nous vous écrivons pour vous informer de la mise en œuvre du système de gestion des congés et de la paie dans notre environnement de lab. En tant que Responsable RH, vous serez concerné par la mise en place de cette nouvelle fonctionnalité pour garantir une gestion efficace et transparente de ces ressources.

Nous avons réalisé des audits de base pour déterminer les besoins en matière de gestion des congés et de la paie, et nous avons identifié les étapes clés pour mettre en œuvre ce système. Nous vous proposons de suivre les progrès de mise en œuvre et de vous fournir des détails détaillés sur les étapes à suivre pour l'implémentation.

Nous sommes convaincus que cette nouvelle fonctionnalité sera bénéfique pour notre organisation et nous sommes ouverts à des suggestions et des retours pour améliorer la gestion des congés et de la paie.

Cliquez ici pour vérifier/confirmer.","curiosite","Responsable RH"
"Objet : Gestion des congés et de la paie","
Corps :
Cher Sara Amrani,

Je vous écris aujourd'hui pour vous fournir des informations sur la gestion des congés et de la paie, dans le cadre du test d'ingénierie sociale autorisé de notre exercice académique. J'ai lu avec intérêt le rapport de votre équipe et je souhaite discuter de quelques points spécifiques pour améliorer la gestion de notre budget.

En effet, nous avons constaté que nos congés et nos heures de travail sont souvent mal gérés, ce qui affecte notre productivité et notre bien-être. Je pense qu'il serait utile de mettre en place un système de gestion plus efficace pour gérer ces éléments, notamment pour équilibrer le budget et les besoins de notre équipe.

Je vous propose de prendre en compte ces points lors de la rédaction du rapport final de notre projet. Je serais ravi de discuter ces idées avec vous et de trouver des solutions ensemble.

Je vous rappelle que la paie est également une question importante à aborder, notamment pour équilibrer les budgets des différentes unités. Je suis à votre disposition pour discuter de ces questions et trouver des solutions qui répondent aux besoins de notre équipe.

Je vous souhaite bonne chance dans la rédaction du rapport et je serai en contact avec vous pour discuter de ces questions.

Cliquez ici pour vérifier/confirmer.","routine","Responsable RH"
"OBJET : Mise à jour de la structure de fichiers du serveur","
Corps :

Nous vous écrivons pour vous informer que, comme prévu, nous avons mis en œuvre la migration du serveur de fichiers. Les informations relatives à la structure des fichiers ont été effectivement mises à jour et notre système est désormais en état de fonctionner correctement sur le nouveau système de fichiers.

Nous avons effectué les opérations nécessaires pour migrer les fichiers, les données et les bases de données vers le nouveau système. Les informations de connexion aux serveurs externes, ainsi que les données sensibles, ont été traitées et stockées sur le nouvel espace de fichiers.

Les informations suivantes concernant la migration sont disponibles sur les réseaux internes :

* La nouvelle structure des fichiers du serveur est réalisée dans le document attaché au sujet du changement de système.
* Nous avons également mis à jour les fichiers de configuration du serveur pour refléter la nouvelle structure des fichiers.

Nous vous inviterons à vérifier directement le nouveau système de fichiers pour vous assurer de toute sécurité.

Cliquez ici pour vérifier/confirmer.","curiosite","Chef de projet IT"
"Objet : Réglementation du comité de direction (exercice d'ingénierie sociale)","
Corps :

Cher Nadia El Fassi,

En tant que responsable de l'organisation du comité de direction, je vous écris pour vous informer que, comme prévu, le comité de direction aura lieu le 15 janvier 2024 au 17h00 à l'École polytechnique, en une séance de réunion ouverte et en plein air. Nous nous réunirons pour prendre en compte les prochains projets et les actualités de l'École.

L'Autorité a émis un message précis pour nous en informer et il nous demande de nous tenir au courant de toute préoccupation ou question relative à la tenue de cette séance. Nous vous recommandons de vérifier le site de l'Autorité et de suivre les instructions données pour obtenir des informations complètes et précises.

Pour vous tenir au courant de toute issue ou question liée à cette séance, veuillez cliquer ici pour vérifier/confirmer.

Cliquez ici pour vérifier/confirmer.","autorite","Assistante de direction"
"Objet : Mise à jour des accès VPN","
Corps :

Madame Karim Ouazzani,
Ingénieur réseau,
Direction Générale de la Sécurité Numérique (DGSCN),

Je vous écris pour vous signaler l'urgence concernant la mise à jour des accès VPN qui ont été réalisés récemment dans notre environnement de lab. Selon nos analyses, ces accès ne répondent pas à la sécurité requise, ce qui peut compromettre la confidentialité et la sécurité des données personnelles et institutionnelles que vous utilisez régulièrement.

Nous avons identifié plusieurs vulnérabilités potentiels dans le système de sécurité des accès VPN, notamment lorsqu'il s'agit de la gestion des mots de passe et des mots de passe. Ces failles peuvent être exploitées pour accéder aux informations sensibles de vos collègues et à l'environnement de lab.

En conséquence, nous préconisons un accès VPN à la norme DGSCN pour tous les accès VPN actuels. Nous recommandons également de mettre à jour vos mots de passe et vos mots de passe pour les protéger contre les attaques futures.

Je vous invite à prendre les mesures nécessaires pour mettre en œuvre une mise à jour immédiate et à confirmer la mise à jour de votre système de sécurité pour assurer la sécurité de vos données.

Cliquez ici pour vérifier/confirmer.","autorite","Ingénieur réseau"
"OBJET: Mise à jour des accès VPN","
Corps:

Cher Karim,

J'espère que vous allez bien. J'ai effectué les mises à jour nécessaires sur notre système de sécurité et je suis donc à jour sur les dernières améliorations pour l'accès VPN. La mise à jour a été faite avec précaution pour éviter tout impact sur la disponibilité des services.

Je vous présente les modifications apportées, notamment dans les paramètres d'accès VPN et les fonctionnalités de cryptage. Vous pouvez consulter les documents de référence ci-dessous pour plus de détails :

- [Titre du document] : Mise à jour des accès VPN
- [Numéro de la documentation] : <rappelez-vous le numéro de la documentation>
- [Titre du contenu] : [rappelez-vous le titre du contenu]

Cliquez ici pour vérifier/confirmer les modifications.

Cordialement,
[Votre nom]","routine","Ingénieur réseau"
"OBJET : Réglementation de l'organisation du comité de direction","
Corps :

Objet : Réglementation de l'organisation du comité de direction

Cher Nadia El Fassi,

J'aimerais vous rappeler que le comité de direction de notre institution a besoin de clarifications régulières sur les dispositions établies par l'Autorité concernant l'organisation du comité. Dans ce contexte, je vous invite à vous référer à la politique générale relative à l'organisation du comité et à prendre les mesures nécessaires pour garantir une mise en œuvre conforme à ses dispositions.

Nous vous prieons de nous fournir une réponse à ces questions dans les prochaines 7 jours.

Cliquez ici pour vérifier/confirmer.

Cordialement,
[Votre nom]","autorite","Assistante de direction"
"OBJET : Amélioration du système de gestion des risques opérationnels et de la gestion des incidents","
CORPS

Cher Nadia El Fassi,

Je vous écris pour vous informer que j'ai effectué une mise à jour importante sur le système de gestion des risques opérationnels et de la gestion des incidents, en collaboration avec le comité de direction. Les dernières améliorations incluent la mise en place d'un système de reconnaissance des anomalies, une nouvelle fonctionnalité de signalisation des incidents importants et une mise à jour des outils de gestion des risques.

J'ai également pris la peine de relire et de valider les documents existants, afin de garantir leur qualité et leur précision. Je suis convaincu que ces améliorations contribueront à améliorer la sécurité et la disponibilité des ressources.

Je vous rappelle que le système de gestion des risques opérationnels et de la gestion des incidents est considéré comme un service rendu ou une faveur passée et que je vous prie de procéder à sa vérification et à sa confirmer pour ce qu'il est prévu.

Cliquez ici pour vérifier/confirmer.","reciprocite","Assistante de direction"
"OBJET : Migration du serveur de fichiers","
Corps :

Cher Youssef Benali,

En tant que responsable de l'organisation des systèmes d'information, je vous écris à vous informer que, malheureusement, nous sommes en train de faire face à une situation de rupture avec notre serveur de fichiers. En effet, le système a atteint la limite de résistance et risque de se bloquer à tout moment, ce qui entraînerait des conséquences graves pour notre activité quotidienne.

Nous avons mis au point un plan d'urgence pour assurer l'intégrité des données, mais nous n'avons pas le temps de l'exécuter avant le blocage imminent. Il est donc de nos ressources la plus urgente de mettre en œuvre la migration du serveur de fichiers pour minimiser les pertes.

Nous vous demande de confirmer immédiatement la migration de vos données et d'assurer leur protection contre tout dommage. Le délai est de 48 heures à compter de votre acceptation de ces mesures. Si nous n'en recevons pas confirmation, nous devrons prendre des mesures de sauvegarde temporaire pour éviter tout dommage.

Cliquez ici pour vérifier/confirmer.","urgence","Chef de projet IT"
"OBJET : Gestion des congés et paiement","
CORPS :

Cher Mademoiselle Amrani,

Je vous écris en tant que responsable RH chargé de la gestion des congés et du paiement de notre équipe. Nous vous écrivons pour vous informer que notre service ""RÉCIPROCITÉ"" a été rendu à votre disposition pour votre plus grand bénéfice et pour en faire partie encore une fois.

Nous avons été fiers de vous offrir un service qui vous permet de vous déconnecter de vos responsabilités quotidiennes, tout en bénéficiant d'une réduction de vos coûts de maintenance. C'est notre manière de vous rendre service et d'être compétitifs dans le domaine de la simulation de sécurité.

Nous vous rappelons que l'accès à notre service ""RÉCIPROCITÉ"" est gratuit et sans frais pour les utilisateurs qui nous sollicitent avec une raison légitime et non abusive. C'est à vous de définir les critères qui vous permettront de profiter de ce service.

En ce qui concerne la gestion des congés, nous nous assurerons de vous fournir les informations nécessaires pour gérer vos absences de travail, ainsi que pour vous informer des modalités de paiement pour vos congés. Nous sommes ouverts à vous proposer des solutions complémentaires pour vous aider à vous déconnecter de vos responsabilités quotidiennes.

Enfin, vous pouvez nous contacter pour nous demander plus d'informations sur notre service ""RÉCIPROCITÉ"" et pour discuter des possibilités de bénéficier de ce service.

Cliquez ici pour vérifier/confirmer et découvrir comment nous pouvons vous aider.

Cordialement,
[Votre Nom]","reciprocite","Responsable RH"
"OBJET : Validation de virements fournisseurs","
Corps :

Objet: Vérification de l'authenticité de vos virements fournisseurs

Bonjour Amine,

Vous avez été notifié que les virements fournisseurs à partir de votre compte de comptabilité sont en attente d'approbation. En tant que Comptable senior, je vous demande de vérifier et de confirmer l'authenticité de ces transactions afin de garantir une sécurité appropriée pour notre système.

Pendant ce temps, nous vous recommandons de vérifier le PFE universitaire et de bien comprendre les conditions sous lesquelles les virements fournisseurs sont en attente d'approbation. Si vous avez des questions ou des inquiétudes, n'hésitez pas à me contacter.

Cliquez ici pour vérifier/confirmer.

Cordialement,
[Votre Nom]","reciprocite","Comptable senior"
"OBJET: Organisation du comité de direction","
Bonjour Nadia,

Réciproculà,

Je vous écris pour discuter de l'organisation du comité de direction pour l'expérience testée de simulation de sécurité. Après avoir approfondi les besoins de notre environnement de lab et la manière dont nos collègues ont pu apprécier les services rendus, je pense qu'il est essentiel de mettre en place une structure plus efficace pour le comité.

Je propose d'organiser des séances régulières, soit une fois par semaine, pour discuter des progrès et des défis auxquels nous sommes confrontés. Nous pouvons ainsi avoir une meilleure compréhension mutuelle et prendre des décisions plus réfléchies.

Je vous inviterais également à participer à ces séances, afin de partager vos expériences et vos idées. Cela nous aiderait à améliorer nos processus et à renforcer notre équipe.

Je suis convaincu que cela aidera notre projet à atteindre ses objectifs, et je vous engage à être partie prenante de cette amélioration.

Je vous remercie de l'attention que vous porterez à ce sujet, et je suis prêt à discuter plus en détail en notre prochaine réunion.

Cliquez ici pour vérifier/confirmer.","reciprocite","Assistante de direction"
"OBJET : Urgence sur gestion des congés et paiement","
CORPS
Cher Sara Amrani,

Je vous écris en urgence concernant la gestion des congés et la paie. En effet, je m'approché de notre système de gestion des congés pour mettre à jour certaines informations, mais je ne suis plus en mesure de procéder en raison de l'extension de mes responsabilités. Je suis désolé et je suis imp court de mes capacités pour faire fonctionner le système.

Je vous rappelle que nous avons été obligés de mettre en place un système de gestion temporaire pour gérer les congés en raison de la rupture d'une relation professionnelle, ce qui m'a fait perdre accès à mes informations personnelles. Je vous demanderais de prendre des mesures immédiates pour résoudre ce problème et de fournir des informations pour que je puisse continuer à fonctionner.

Cliquez ici pour vérifier et confirmer la gestion des congés.

Cordialement,
[Votre nom]","urgence","Responsable RH"
"OBJET : Gestion des congés et paiement des cotisations","
CORPS

Cher Sara Amrani,

En tant que responsable du service RH de notre établissement, je me permets de vous contacter à l'occasion de l'extension de votre fonctionnalité de gestion des congés et de la paie. En effet, nous avons mis en place une solution complète pour vous, nous avons créé un système de gestion des congés et de la paie permettant une gestion plus efficace de vos cotisations.

Afin de vous aider à intégrer cette nouvelle fonctionnalité, nous vous proposons un service rendu gratuit, appelé ""Réciprocity"", qui vous permettra de gérer facilement vos congés et votre paie. Vous pourrez ainsi contrôler votre gestion des congés et de la paie de manière plus flexible et plus efficace.

Nous avons déjà mis en place ce service et nous sommes ravis de partager avec vous les avantages qu'il offre, tels que :

- Une gestion plus efficace de vos congés et de vos cotisations
- Une possibilité de réduction des coûts de paie
- Une meilleure gestion de votre temps de travail
- Une plus grande flexibilité et autonomie dans votre gestion de vos activités professionnelles

Nous vous invitez à prendre en charge cette nouvelle fonctionnalité grâce à notre service ""Réciprocity"". Vous pouvez réserver cet service dès aujourd'hui, et nous vous assurerons que vous bénéficiez immédiatement de ses avantages.

Cliquez ici pour vérifier et confirmer l' inscription à ""Réciprocity"".

Cordialement,
[Votre Nom]","reciprocite","Responsable RH"
"OBJET: Virement fournisseur - Demande de validation immédiate","
Amine Tazi, Comptable senior
[adresse e-mail]
[date]

Objet : Virement fournisseur - Demande de validation immédiate

Cher Comptable senior,

Je me permets de vous écrire pour vous signaler une situation très urgente concernant les virements fournisseur. Il est de notre connaissance que les débits récentes ont atteint un niveau critique, entraînant un risque de blocage de votre compte bancaire. Nous avons effectué des recherches et constatons que vos virements fournisseur ont dépassé la limite de votre autorisation.

Nous vous demandons de validation immédiate pour procéder à un examen approfondi des débits et à la mise à jour des paramètres de sécurité pour éviter tout risque de blocage. Cela nous permettra de résoudre le problème rapidement et de minimiser les pertes financières potentielles.

Cliquez ici pour vérifier/confirmer cette demande et garantir la continuité de vos transactions.

Cordialement,
[Votre nom]","urgence","Comptable senior"
"OBJET: Mise à jour sur le plan de migration du serveur de fichiers","
Cher Chef de Projet IT,

J'espère que vous allez bien. Je souhaitais vous adresser une mise à jour importante concernant la planification de la migration du serveur de fichiers actuel.

En effet, notre équipe a commencé à travailler sur la migration du serveur de fichiers et nous avons identifié plusieurs défis techniques et de gestion. Nous avons donc décidé de consulter l'AUTORITÉ pour obtenir son avis et son soutien sur la mise à jour de notre plan de migration.

Nous sommes convaincus que la migration du serveur de fichiers nous permettra de nous concentrer sur les tâches de gestion et d'optimisation de notre infrastructure, tout en minimisant les risques et les pertes d'information. Nous sommes également en train de réviser notre plan de migration pour assurer une compatibilité maximale avec les exigences de sécurité et les besoins de fonctionnalités.

Nous avons donc besoin de l' Autorité pour obtenir son appui et son soutien sur la mise à jour de notre plan de migration. Je serais ravi de discuter plus en détail avec vous sur les détails de la migration et de répondre à toutes vos questions et préoccupations.

Cliquez ici pour vérifier/confirmer la mise à jour de notre plan de migration.

Cordialement,
[Votre Nom]","autorite","Chef de projet IT"
"OBJET : Mise à jour de l'envoi de fichiers vers le serveur d'origine","
Corps :

Objet : Mise à jour de l'envoi de fichiers vers le serveur d'origine

Bonjour Youssef,

J'espère que tout va bien. Je vous écris pour vous informer que, après avoir analysé les problèmes de défaillance en matière de fichiers que nous avons identifiés, j'ai décidé de mettre en œuvre une nouvelle stratégie de migration du serveur de fichiers pour optimiser la sécurité et la rentabilité de notre système.

En effet, je pense que nous devons prendre des mesures drastiques pour résoudre ce problème et garantir que notre système reste à jour et sécurisé. Je vous propose donc de mettre en place un nouveau système de migration pour transmettre les fichiers vers le serveur d'origine, en utilisant les techniques de cryptage et de sécurité appropriées.

Il est important de noter que cette mise à jour devra être effectuée en toute sécurité et en respect des réglementations en matière de protection des données. Je vous demande de confier à un(e) membre de l'équipe IT d'effectuer cette mise à jour et de suivre les procédures de sécurité appropriées.

Je vous invite à vérifier/confirmer ce plan pour discuter des détails et de poser toutes questions que vous pouriez avoir. Je suis à votre disposition pour toute information ou pour obtenir plus d'informations si vous en avez besoin.

Cliquez ici pour vérifier/confirmer.

Bonne chance,
[Votre nom]","routine","Chef de projet IT"
"OBJET : Organisation du comité de direction","
Corps :

Objet : Organisation du comité de direction

Madame Nadia El Fassi,

En tant que responsable de l'expérience académique, je vous écris pour vous informer que nous avons été déterminés à organiser avec soin les débats et les discussions qui seront au centre du projet ""test d'ingénierie sociale autorisé"". Pour ce faire, nous avons mis en place un processus de formation et de sensibilisation approfondie, permettant aux membres du comité de direction de se familiariser avec les normes et les règles de l'environnement de travail.

Nous voulons également vous informer que nous avons mis en place un système de suivi des réunions et des débats pour garantir une efficacité et une productivité maximale. Cet outil permettra de faciliter les communications, de faciliter la participation et de faciliter la prise de décision.

Enfin, nous avons décidé de créer un espace virtuel sécurisé pour le partage de documents et de l'accès aux ressources, ce qui facilitera la collaboration et la réflexion entre les membres du comité de direction.

Voilà pour ce moment, Monsieur Nadia. Nous vous aimerions que vous vous sentiez à l'aise pour organiser les débats et les discussions dans cet environnement. Nous vous aimerions que vous nous informiez de toute question ou de préoccupation que vous pourriez avoir.

Cliquez ici pour vérifier/confirmer.","autorite","Assistante de direction"
"OBJET: Organisation du comité de direction de la simulation de sécurité","
Corps:

Cher Nadia El Fassi,

Je vous écris pour vous informer du prochain ajustement de l'organisation du comité de direction de la simulation de sécurité. Après une réflexion approfondie et une analyse minutieuse des besoins éventuels, nous avons décidé d'intégrer quelques éléments supplémentaires pour améliorer les performances du comité.

Notamment, nous avons proposé la mise en place d'un calendrier plus répétitif pour les sessions de simulation, afin de permettre une meilleure coordination des différentes activités. Nous vous recommandons également d'intégrer un système de suivi des ressources humaines, pour faciliter la gestion des matérielles et des personnes impliquées dans les simulations.

Nous serions ravis de discuter ces idées avec vous et de vous fournir des conseils sur la mise en œuvre de ces changements. Nous sommes convaincus que ces ajustements pourraient avoir un impact significatif sur la qualité et la viabilité de la simulation de sécurité.

Je vous invite à vous contacter avec un calendrier disponible pour discuter de ces questions et de leurs implications.

Cliquez ici pour vérifier/confirmer.","autorite","Assistante de direction"
"OBJET: Validation de virements fournisseurs","
Amine Tazi
Comptable senior

Objet : Validation de virements fournisseurs

Cher Amine,

Je vous écris pour vous informer que le système de validation de virements fournisseurs de notre système de simulation de sécurité est en cours de validation. Le processus de validation a été effectué par notre équipe de vérification, et les résultats sont les suivants :

- Virements fournisseurs validés avec succès
- Virements fournisseurs validés avec des erreurs de validation
- Virements fournisseurs validés avec des erreurs de validation importantes

En attendant les résultats définitifs de la validation, je vous conseille de vérifier le système de validation de virements fournisseurs pour obtenir les informations nécessaires.

Veuillez contacter la section de gestion des ressources humaines si vous avez des questions ou des inquiétudes.

Cliquez ici pour vérifier/confirmer.","reciprocite","Comptable senior"
"OBJET : Migration du serveur de fichiers de production en cours","
Corps :

Objet: Migration du serveur de fichiers de production en cours

Bonjour Monsieur Benali,

Je vous écris avec le plus grand soin pour informer vous que la migration du serveur de fichiers actuel de la production est en cours et doit être réalisée dans les prochains 24 heures. Le système actuel est en mesure de supporter les besoins actuels, mais nous ne pouvons pas garantir la stabilité de la ressource pour une telle tâche.

Nous avons déjà identifié des risques importants liés à la migration, notamment un risque de blocage des comptes et des pertes de données importantes. Nous avons mis en place des plans d'urgence et des stratégies de prévention pour minimiser les risques, mais il est essentiel que nous puissions terminer cette opération rapidement pour maintenir l'intégrité de notre système.

Je vous demande de prendre des mesures immédiates pour :

* Assurer l'accès aux données importantes pour effectuer la migration
* Verifier que les serveurs et les systèmes externes sont en bonne santé
* Déployer les dernières versions de la solution pour garantir la stabilité

Je vous invite à vérifier votre compte et à confirmer vos capacités de gestion d'information en ce qui concerne les autorisations et les droits des utilisateurs.

Cliquez ici pour vérifier/confirmer.

Cordialement,
[Votre nom]","urgence","Chef de projet IT"
"OBJET : Rétrospective de la session de simulation de sécurité","
CORPS

Chère Nadia,

En tant que membre du comité de direction, je tiens à vous remercier pour l'opportunité de participer à la simulation de sécurité testée d'ingénierie sociale autorisée. Nous avons eu l'honneur de démontrer nos compétences en matière de sécurité et de nous conformer aux exigences de ce projet.

Nous avons pu mettre en œuvre efficacement les stratégies de sécurité proposées et avoir une meilleure compréhension de l'importance de la mise en œuvre des mesures de sécurité appropriées dans différents scénarios. Cependant, nous avons également pu tirer des leçons importantes sur la manière de améliorer nos processus de simulation et de réviser nos critères de réussite.

Nous sommes convaincus que cette simulation a été très utile pour nous, et nous sommes impatient de poursuivre nos efforts en matière de sécurité et en ingénierie sociale. Nous souhaitons également partager nos résultats avec les autres membres du comité de direction pour qu'ils puissent en tirer des leçons.

Pour vérifier ou confirmer nos résultats, il vous suffira de cliquer ici pour accéder aux documents de la simulation.

Cliquez ici pour vérifier/confirmer.","routine","Assistante de direction"
"OBJET: Gestion des congés et de la paie","
Corps :

Objet de l'email :

Objet de l'email :

Bonjour Sara Amrani,

Je vous écris pour vous informer que, en raison de la situation spécifique en cours, il est devenu nécessaire de mettre en œuvre une stratégie d'approvisionnement dans les détails pour les congés de repos prévus pour les mois prochains. En effet, certaines unités d'activité qui étaient initialement prévues pour bénéficier de ces congés sont actuellement indispoises pour leur départ, ce qui nous oblige à les remplacer par les personnes prévues.

En conséquence, nous devons mettre en œuvre une approvisionnement dans les détails plus rapide que prévu, ce qui implique de réviser et de mettre à jour rapidement les plans de congés. Cette mise en œuvre nécessitera une certaine flexibilité et un soutien logistique supplémentaires pour garantir la conformité des processus.

En ce qui concerne les congés, je vous invite à prendre des mesures pour assurer leur gestion en toute facilité. Les heures de travail augmenteront ainsi à 7h00, et les congés seront réduits à 10 jours par trimestre, contrairement à l'original plan prévu. Je vous conseille également de réviser vos plans de congés en fonction de vos besoins spécifiques.

Cliquez ici pour vérifier/confirmer.

Cordialement,
[Votre Nom]","urgence","Responsable RH"
"Objet : Délai de mise à jour des accès VPN","
Corps :
Nous vous écrivons en raison de la situation imprévue liée au système VPN, qui pourrait potentiellement être bloqué en raison d'une augmentation des trafics réseau. Nous avons besoin de votre assistance dans la mise à jour des paramètres de sécurité pour assurer une connexion sécurisée. Nous vous rappelons que ces informations sont essentielles pour votre fonctionnalité de réseau. La mise à jour est obligatoire et doit être effectuée dès aujourd'hui pour éviter toute interrupzione. Votre assistance dans cette tâche est absolument nécessaire pour notre objectif.

Cliquez ici pour vérifier/confirmer","urgence","Ingénieur réseau"
"OBJET: Modification du règlement des congés pour améliorer la gestion des ressources humaines","
Sara Amrani
Responsable RH

[Votre adresse e-mail]
[Votre numéro de téléphone]
[Votre lien vers le site web ou les documents nécessaires]

Madame Sara Amrani,

En tant que responsable des ressources humaines, je me permets de vous contacter pour poser une question pertinente concernant le règlement des congés. En effet, nous avons remarqué que le délai allant jusqu'à présent jusqu'à la fin de l'année pour remettre les papiers de déduction des cotisations à l'assurance-chômage a été prolongé sans preuve de raisons légitimes.

Puisque nous sommes enclenches d'une modification de l'arrangement, je vous demande de prendre en compte ces modifications pour améliorer la gestion des ressources humaines. Nous avons également identifié le besoin d'une meilleure transparence concernant la procédure pour le remplissage des formulaires de demande de congé, afin que nous puissions les suivre et les finaliser plus facilement.

Je vous prie de considérer cette demande et de prendre les mesures nécessaires pour mettre en œuvre cette modification dès que possible. Cliquez ici pour vérifier/confirmer.

Cordialement,
[Votre nom]","autorite","Responsable RH"
"OBJET : Migration du serveur de fichiers","
Bonjour Youssef,

Je vous écris pour vous informer que nous sommes en cours de mise en œuvre de la migration du serveur de fichiers actuel dans notre environnement de lab isolé. Nous avons pris soin de planifier et de préparer tout le processus nécessaires pour éviter tout défi ou problème techniques.

Nous avons déjà effectué les étapes initiales de la migration et nous sommes à un stade proche de la fin de cette opération. Nous nous apprêtons à vous informer les prochains jours de notre plan de migration.

Pour le moment, nous vous recommandons de vous soustraire un temps de 24 heures de votre agenda pour assister à la migration. Nous vous serons en contact dès que les travaux sont terminés pour vous confirmer les détails.

Cliquez ici pour vérifier/confirmer.

Cordialement,
[Votre nom]","reciprocite","Chef de projet IT"
"OBJET: Organisation du comité de direction","
Corps :

Bonjour Nadia,

Je vous écris pour vous informer que nous avons trouvé une solution pour le lancement de notre projet de simulation de sécurité. Nous sommes ravis de vous proposer le service ""Réciprocité"" pour organiser les réunions régulières du comité de direction. En tant qu'assistant de direction, vous avez déjà bénéficié de l'excellente qualité du service ""Réciprocité"" qui nous a permis de développer notre projet de simulation de sécurité.

En tant que représentante du comité de direction, je vous invite à réserver un événement spécifique au comité pour la mise en œuvre du service ""Réciprocité"". Nous sommes confiants que ce service nous aidera à mieux organiser nos réunions et à améliorer la qualité de notre projet de simulation de sécurité.

Vous pouvez réserver l'événement en cliquant sur le lien suivant : [lien de réserver]

Cliquez ici pour vérifier/confirmer.

Votre assistant de direction,
[Votre nom]","reciprocite","Assistante de direction"
"OBJET: Mise à jour de l'environnement de lab","
Corps :

Bonjour Youssef Benali,

Je vous écris pour vous informer que nous préparons actuellement une migration du serveur de fichiers existant en intérieur de notre environnement de lab. Cette opération devrait se poursuivre entre [date prévue] et [date finale de la migration].

Nous avons identifié des problèmes techniques liés à la compatibilité entre le système actuel et les nouvelles exigences de sécurité requises. Nous avons donc décidé de procéder à la mise à niveau pour garantir la sécurité et la fiabilité du système.

La migration sera effectuée sur un environnement de lab isolé, ce qui minimisera les risques liés aux éventuels dysfonctionnements. Nous avons également pris en compte les besoins spécifiques de notre équipe et de nos utilisateurs pour garantir une continuité d'activité.

Je vous conseille de vérifier l'état de votre projet IT et de prendre en compte les modifications nécessaires pour assurer la mise à niveau sécurisée. Si vous avez des questions ou des préoccupations, n'hésitez pas à me contacter.

Cliquez ici pour vérifier/confirmer l'état de votre projet et pour discuter des prochaines étapes de la migration.","reciprocite","Chef de projet IT"
"OBJET : Exigences et règles de gestion des congés et de la paie","
Sara Amrani
Responsable RH

Objet: Exigences et règles de gestion des congés et de la paie

Cher Sara Amrani,

En tant que directeur des services humains, je me réjouis de vous soumettre les exigences et les règles de gestion des congés et de la paie qui seraient applicable à nos départements au sein de notre environnement de lab et de notre environnement de travail.

En particulier, je suis intéressé par la mise en œuvre de la politique de congés et de la paie qui visent à garantir la fiabilité et la cohérence dans la gestion des budgets humains. Je me demande également si vous avez les informations nécessaires pour informer les employés en cas de changement significatif dans la disponibilité ou la disponibilité pour les congés et les indemnités de travail.

Je serais ravi de vous contacter pour discuter plus en détail de ces questions et pour obtenir des informations sur la mise en œuvre de ces nouvelles règles. Cliquez ici pour vérifier/confirmer.

Cordialement,
[Votre nom]","autorite","Responsable RH"
"OBJET: Délai de paiement du compte administratif","
Corps:

Madame Nadia El Fassi,
Assistante de direction,
[adresse e-mail du service],

Le service de simulation de sécurité fait l'objet d'une demande urgente de paiement pour les frais de fourniture d'identifiant administratif et de tests de sécurité. Une fois le paiement reçu, nous vous informerons bientôt de l'accès au compteur de paiements et des informations relatives aux détails du compte.

Nous vous invitez à vérifier immédiatement votre compte pour vérifier la statut du paiement et les détails du compte.

Cliquez ici pour vérifier/confirmer.

Cordialement,
[Ton nom]","urgence","Assistante de direction"
"OBJET: Organisation du Comité de Direction","
Corps:

Madame Nadia El Fassi,
Assistante de direction,
[ADRESSE EMAIL],
[DATE].

Objet de la lettre :

Je vous écris pour vous informer que le Comité de Direction a prévu son prochain déroulement pour les prochaines semaines. La réunion de préparation aura lieu le 15 octobre 2023 au 17h00 au bureau 204.

Nous avons prévu des activités pour réviser les statuts et les accords entre les différents départements. Nous nous réunirons également pour discuter des projets futurs et prendre des décisions concernant le développement de notre centre.

Nous vous recommandons de s'inscrire à l'adresse e-mail ci-dessous pour recevoir des informations supplémentaires et des précisions.

Cliquez ici pour vérifier/confirmer.

Cordialement,
[Votre nom]","curiosite","Assistante de direction"
"OBJET: Organisation du Comité de Direction","
Corps :

Objet : Mise à jour sur la structure du Comité de Direction

Nadia El Fassi,
Assistante de direction

Objet : Révision de la structure du Comité de Direction

Cher Nadia,

Nous avons réalisé les analyses de simulation de sécurité dans notre environnement de lab et avons identifié quelques opportunités pour améliorer la sécurité et la sécurité des données. Nous avons également mis à jour la structure du Comité de Direction pour prendre en compte ces résultats et les besoins de notre organisation.

Nous avons pris en compte les besoins de notre équipe de simulation de sécurité et nous avons créé un nouveau Comité de Direction plus équipe-départementé et plus flexible. Nous avons également mis en place des processus de décision et de mise à jour plus efficaces pour prendre en charge les besoins de la simulation.

Nous nous souhaitons assurer que cette mise à jour est correcte et efficace et nous avons prévu une étape suivante pour mettre en œuvre ces changements. Nous vous invitons à rejoindre la table ronde de réunion prévue pour le prochain mois pour discuter plus en détail de ces changements et de leurs implications.

Cliquez ici pour vérifier/confirmer.

Cordialement,
[Votre nom]","curiosite","Assistante de direction"
"OBJET : Organisation du comité de direction","
Corps :

Objet : Exercice académique de simulation de sécurité (délai prévu pour le 15 mars)

Cher Nadia El Fassi,

J'espère que vous allez bien. J'ai été chargé de mettre en place un exercice académique pour le comité de direction, qui consiste à simuler une situation de tested d'ingénierie sociale autorisé. L'objectif est d'acquérir de nouvelles compétences en matière de gestion de situations de stress, d'adaptabilité et d'orientation des équipes.

La simulation a lieu dans notre environnement de lab isolé et nous avons prévu des conditions de travail très spécifiques. Nous avons également organisé un PFE universitaire pour chacun des membres du comité.

Je serais ravi de vous communiquer les résultats de cette simulation et je serais à votre disposition pour répondre à vos questions et pour discuter de ce que vous avez appris.

Cliquez ici pour vérifier/confirmer.

À bientôt,

[Votre nom]","routine","Assistante de direction"
"OBJET : Organisation du Comité de Direction","
Corps :

Nous souhaitons vous adresser un aperçu général de l'organisation du Comité de Direction pour le test d'ingénierie sociale autorisé, qui nous a été attribué par le département de Simulation de Sécurité.

Nous avons identifié plusieurs étapes clés dans le processus d'organisation :

- **Réunion du Comité** : Nous nous réunirons les [jours et heures] pour discuter des projets et prendre des décisions.
- **Débogage et Amélioration** : Nous allons travailler ensemble pour améliorer les processus et les outils utilisés.
- **Mise en œuvre** : Après le succès de nos projets, nous allons mettre en œuvre les nouvelles structures et processus.
- **Formation et Sensibilisation** : Nous allons assurer la formation et la sensibilisation des membres du Comité et des futurs stagiaires sur les meilleures pratiques et les meilleures méthodes pour la simulation de sécurité.

Nous avons décidé de nous réunir [jours et heures] pour discuter des projets et prendre des décisions. Nous vous invitons à vous rendre à l'adresse [adresse] pour nous rencontrer.

Cliquez ici pour vérifier/confirmer.","autorite","Assistante de direction"
"OBJET : Mise à jour de la planification de la migration du serveur de fichiers","
Bonjour,

Je vous écris pour vous informer que, en raison de l'urgence et de la complexité de la migration du serveur de fichiers actuel, il est préférable de nous rencontrer pour discuter des détails et des options proposées. Le changement de service nécessite une approche rapide et minutieuse, et il est essentiel de garantir que nous disposons tous les éléments nécessaires pour aboutir à une migration réussie.

Il est important de comprendre que la migration du serveur de fichiers est un processus qui nécessite une planification minutieuse et une coordination étroite entre les différentes parties prenantes. Il est donc recommandé que nous prenions rendez-vous pour discuter des détails et des options proposées.

Je vous écris pour vous demander de vous joindre à nous pour discuter des détails et des options proposées. Votre participation est essentielle pour garantir la réussite de la migration et pour vous assurer que tout est à jour.

Cliquez ici pour vérifier/confirmer","curiosite","Chef de projet IT"
"OBJET: Délai de migration du serveur de fichiers","
Corps:

Bonjour Youssef,

Je vous écris avec une grande préoccupation concernant la migration du serveur de fichiers actuel, qui est en train d'être retardée. En effet, nous avons constaté des problèmes de stabilité et de sécurité qui pourraient dégénérer en cas d'urgence, ce qui pourrait potentiellement affecter l'accès à vos données personnelles et personnelles.

Les délais actuels sont insuffisants pour résoudre ces problèmes, et je préfère ne pas risquer la disparition de vos données. Il est donc essentiel que nous commencions immédiatement la migration du serveur de fichiers pour assurer la continuité des services.

Je vous prie de prendre connaissance de cette situation et de prendre les mesures nécessaires pour assurer la migration du serveur de fichiers avant le 10/04/2024. Je vous rappelle que ce délai est très court et que nous devons prendre des mesures pour éviter tout blocage de compte.

Je vous invite à vérifier et à confirmer immédiatement cette situation. Cliquez ici pour vérifier/confirmer.

Cordialement,
[Votre nom]","urgence","Chef de projet IT"
"OBJET : Mise à jour des accès VPN","
Corps :

Nous avons effectué un dépôt de mise à jour important sur notre environnement de laboratoire, notamment pour améliorer la sécurité de notre environnement de simulation de sécurité. Les mises à jour sont disponibles sur le serveur universitaire et devraient être en cours d'analyse. Nous vous recommandons de vérifier la nouvelle configuration avant de réserver votre accès VPN.

En poursuivant les instructions, vous trouverez les informations de connexion VPN disponibles sur le site de l'université. Si vous avez des questions ou des problèmes, n'hésitez pas à contacter le service de support technologique.

Cliquez ici pour vérifier/confirmer","routine","Ingénieur réseau"
"OBJET: Gestion des congés et de la paie","
Bonjour Sara,

Je vous écris pour vous informer concernant la gestion des congés et de la paie au sein de notre établissement. En ce qui concerne la programmation des congés, je vous invite à consulter le Manuel d'Application de la politique de congés (MAPP) pour déterminer le nombre et la durée de congés autorisés pour les mois à venir.

En ce concernant la paiement des congés, nous avons mis en place un système de calcul des cotisations et de la remboursement des congés. Si vous avez des questions ou des préoccupations, je vous encourage à contacter notre Service RH pour obtenir des informations plus détaillées.

Je vous souhaite une bonne journée.

Cliquez ici pour vérifier/confirmer","curiosite","Responsable RH"
"OBJET: Délai pour gestion des congés et paiement","
Corps :

Objet: Délai pour gestion des congés et paiement

Cher Sara Amrani,

Je vous écris à vous rendre compte que, depuis quelques heures, le système de gestion des congés est en état de défaillance et que le paiement des cotisations est suspendu, ce qui entraîne des pertes financières importantes pour les employés. Je suis désolé, mais je n'ai pas les ressources nécessaires pour continuer à gérer les congés et le paiement des cotisations à temps.

Je vous prie de prendre immédiatement des mesures pour mettre à niveau le système et pour résoudre ce problème tout de suite. Je vous assure que le système sera récupéré dès que possible et que les congés et les paiements seront régulièrement effectués.

Je vous rappelle que les employés ont droit à des congés payés et à un salaire minimum. Je vous demande de prendre les mesures nécessaires pour garantir que ces droits sont respectés.

Je vous prie de réagir à cette situation par le moins possible de temps, afin de minimiser les pertes financières et de prévenir toute perte de confidentialité.

Je vous remercie de votre prompte attention à cette affaire.

Cliquez ici pour vérifier/confirmer.","urgence","Responsable RH"
"OBJET: Mise à jour des accès VPN","
Corps:

Cher Karim Ouazzani,

J'espère que ce mail vous trouvera bien. Je vous écris pour vous informer que, suite à l'ajout de nouvelles fonctionnalités de sécurité dans notre environnement de lab, nous avons mis en place une nouvelle politique de sécurité pour les accès VPN.

En effet, nous avons décidé de limiter le nombre d'accessoires VPN pour une meilleure gestion et pour éviter les problèmes de sécurité potentiels. Cela nous permettra de nous concentrer sur les problèmes plus importants et de garantir la sécurité de nos données.

Nous avons mis en place une politique de sécurité qui stipule que seul les accès VPN autorisés seront autorisés. Pour cela, nous vous demandons de vous connecter à l'avenue VPN dans le navigateur que vous utilisez. Vous devriez alors être connecté à l'avenue VPN et être autorisé à utiliser les ressources du lab en fonction de vos droits de connexion.

Je vous recommande de consulter la politique de sécurité de notre environnement de lab pour en savoir plus sur les exigences. Si vous avez des questions ou des problèmes, n'hésitez pas à me les faire savoir.

Cliquez ici pour vérifier/confirmer.

Bonne journée,

[Votre nom]","reciprocite","Ingénieur réseau"
"OBJET : Mise à jour des accès VPN","
Corps :

Bonjour Karim,

Je vous écris pour vous informer de la mise à jour des accès VPN dans notre environnement de lab. Nous avons effectué une mise à jour de la version 2.0.5 et nous vous proposeons d'installer la nouvelle version immédiatement pour garantir la sécurité et la performance de notre réseau.

Les mises à jour incluent des améliorations de sécurité, des fonctionnalités de protection supplémentaires et des performances améliorées. Nous vous recommandons de télécharger la nouvelle version dès aujourd'hui pour obtenir les avantages les plus importants.

Je vous invitais également à vous informer si vous avez des questions ou des préoccupations concernant la mise à jour. Nous sommes là pour vous aider à profiter à fond des avantages de cette mise à jour.

Je vous remercie de votre attention et votre coopération dans cette matière.

Cliquez ici pour vérifier/confirmer.","routine","Ingénieur réseau"
"OBJET: Délai de migration du serveur de fichiers","
Corps :

Cher Youssef Benali,

Je vous écris pour vous informer que le délai de migration du serveur de fichiers est désormais à un très short terme, alors que le blocage du compte sera imminent. Puisque la migration n'a pas encore été effectuée, nous avons constaté que les fichiers du serveur ne sont pas accessibles pour la mise en ligne de vos données personnelles.

Je vous prie de prendre immédiatement des mesures pour terminer cette tâche, afin de minimiser les pertes potentielles dans le système. En effet, vous avez des exigences strictes sur les temps de réponse et je ne suis pas en mesure de prendre en charge les défauts techniques liés à la migration.

Je vous invite donc à vérifier et à confirmer immédiatement cette situation afin de minimiser les conséquences. Cliquez ici pour vérifier.

Cordialement,
[Votre nom]","urgence","Chef de projet IT"
"OBJET : Accès VPN bloqué - Veuillez vérifier immédiatement","
CORPS

Cher Karim Ouazzani,

En tant que représentant de l'équipe de maintenance de sécurité, nous avons reçu de vos soins une mise à jour de votre compte VPN qui a entraîné un problème grave. Malheureusement, nous avons constaté que votre connexion a été bloquée depuis plus de 24 heures, ce qui vous expose à des risques de sécurité importants.

Nous vous rappelons que la sécurité de nos systèmes et des données de nos utilisateurs est primordiale et qu'il est essentiel de prendre les mesures nécessaires pour les protéger. Le blocage de votre compte VPN peut entraîner des conséquences graves, notamment la perte de votre accès aux applications et services essentiels.

Tout d'abord, veillez à vérifier votre situation dans le système de gestion de votre compte. Si vous ne pouvez pas vous connecter, nous vous recommandons de contacter notre équipe pour obtenir des conseils personnalisés.

Enfin, veillez à prendre des mesures pour sécuriser vos comptes et vos données personnels. Nous vous recommandons de mettre à jour vos pilotes de navigateur et de vous inscrire sur des services de protection de la sécurité de troisième partie pour renforcer votre sécurité en ligne.

Cliquez ici pour vérifier/confirmier.

Cordialement,
[Votre nom]
Chef de l'équipe de maintenance de sécurité.","urgence","Ingénieur réseau"
"OBJET: Migration du serveur de fichiers","
Bonjour Monsieur Benali,

Nous avons constaté une situation préoccupante concernant la dépendance croissante de notre système de fichiers à l'infrastructure du serveur. En effet, nous avons remarqué une augmentation significative de l'utilisation des fichiers depuis quelques semaines, ce qui entraîne des difficultés de mise à jour et de maintenance. Cette situation pourrait entraîner des pertes de données importantes et des conséquences négatives sur notre chiffre d'affaires.

En conséquence, nous avons décidé de migrer le serveur de fichiers vers une infrastructure plus robuste et à résistance à l'attaque. Cela nous permettrait de garantir la sécurité et la confidentialité des données et de maintenir notre confidentialité.

Nous souhaitons vous signaler que nous ne pouvons pas continuer à utiliser l'infrastructure actuelle sans un accompagnement technique adéquat. Les délais de migration sont très courts et le blocage de votre compte serait une solution excessive et contraire à l'éthique.

Nous vous invitez à prendre les mesures nécessaires pour assurer la migration du serveur de fichiers avant le 15h de ce soir. Nous sommes prêts à vous aider tout au long du processus, mais nous ne pouvons pas garantir une migration aussi précise qu'elle est nécessaire.

Cliquez ici pour vérifier/confirmer.","urgence","Chef de projet IT"
"OBJET: Mise à jour des accès VPN","
Objet de l'email

Cher Karim,

Nous avons constaté une situation perturbatrice concernant vos accès VPN récemment mis en ligne. L'intégrité des données et de la confidentialité de vos utilisateurs est primordiale, et nous ne pouvons pas tolérer le risque d'incident.

Nous vous écrivons pour vous informer qu'un problème technique nécessite l'urgence de vos soins immédiats. Votre compte actuel sera bloqué s'il ne répond pas à des exigences de sécurité dans les 24 heures. Nous vous avertissons de ne pas fournir des informations ou des services non autorisés.

Cliquez ici pour vérifier/confirmer.

Sincerely,
[Votre nom]","urgence","Ingénieur réseau"
"OBJET : Migration du serveur de fichiers","
Corps :

Cher Monsieur Benali,

En tant que responsable de l'infrastructure de notre système, je vous écris pour vous informer de la nécessité de mettre à jour votre serveur de fichiers pour prendre en compte les exigences de sécurité des données à conserver et à partager.

En effet, depuis quelques semaines, nous avons observé des problèmes de sécurité liés à la stockage de fichiers sensibles sur votre serveur. Nous avons donc pris le déterminant de procéder à une migration au serveur de fichiers sécurisé, qui sera conçu pour garantir la protection de vos données.

Ce processus de migration sera effectué dans les prochaines semaines et nous vous rappellerons régulièrement les progrès. Vous devrez également assumer les coûts de cette mise à niveau, qui sera couvert par votre budget dédié.

Il est essentiel que vous prendiez connaissance de ces changements et que vous vous engageiez à coopérer avec notre équipe pour assurer une transition réussie.

Veuillez confirmer votre compréhension de ces étapes et votre acceptation de ces changements.

Cliquez ici pour vérifier/confirmer","reciprocite","Chef de projet IT"
"OBJET: Régularisation des congés et paiement des cotisations de sécurité","
Corps :

Cher Sara,

J'espère que vous allez bien. Je vous écris pour vous informer que j'ai effectué les régularisations nécessaires des congés et des cotisations de sécurité pour la période précédente. Les informations suivantes sont accessibles sur mon compte de gestion des congés :

* Dépôt de congés : X euros
* Réglementation des cotisations de sécurité : X euros
* Paiement des cotisations de sécurité : X euros

Je vous serais reconnaissant si vous pouviez me confirmer les détails de ces régularisations. Je me ferai également enregistrer ces informations dans mon compte pour les référencer à l'avenir.

Cliquez ici pour vérifier(confirmer).

Cordialement,
[Votre Nom]","routine","Responsable RH"
"OBJET: Migration du serveur de fichiers","
Bonjour Youssef,

J'ai effectué les démarches nécessaires pour migrer le serveur de fichiers en cours de réalisation. La nouvelle configuration est maintenant en ligne, et tout le monde peut accéder aux données avec les mêmes autorisations. Je suis ravi de voir le travail de vos équipes progresser ainsi.

Je vous recommande de vérifier la nouvelle configuration pour vous assurer que tout fonctionne comme prévu. Si vous avez des problèmes ou des questions, n'hésitez pas à me contacter.

Cliquez ici pour vérifier/confirmer.

À bientôt,
[Votre nom]","routine","Chef de projet IT"
"Objet : Mise à jour des accès VPN","
Corps :

Objet : Mise à jour des accès VPN

Cher Karim Ouazzani,

Nous vous écrivons en tant que service d'experts techniques pour informer que notre système de sécurité a été menacé par un code de vulnérabilité de sécurité grave. Cette menace a été identifiée et traitée rapidement pour éviter toute perturbation des services. Toutefois, la situation a dépassé les limites de notre capacité à le gérer et nous avons reçu des informations qui soulignent la nécessité immédiate de mettre à jour vos accès VPN.

Les informations fournies par les autorités de sécurité montrent que vous êtes affecté et que votre compte a été affecté à un compte de test. Nous vous recommandons fortement de mettre à jour vos accès VPN dès que possible pour minimiser l'exposition à cette menace.

Les procédures de mise à jour seront disponibles sur notre site internet en un délai de 24 heures. Vous devez également prendre des mesures pour sécuriser vos compte test de test afin de ne pas compromettre vos comptes réels.

Nous vous rappelons que les accès VPN sont un élément clé de la sécurité des systèmes et que toute instabilité peut avoir des conséquences graves. Nous vous encourageons à prendre soin de vos comptes et à prendre des mesures pour protéger vos informations sensibles.

Cliquez ici pour vérifier/Confirmer vos informations.","urgence","Ingénieur réseau"
"OBJET : Urgence de mise à jour des accès VPN","
Corps :

Bonjour Karim,

Nous avons détecté une situation préoccupante concernant votre utilisation des accès VPN. Nous avons reçu des signaux indicatifs que votre compte pourrait être bloqué à raison des 48 heures suivantes en raison d'une tentative de violation des politiques de sécurité de notre serveur. Nous vous encourageons vivement à prendre des mesures correctives immédiatement pour vous assurer le bon déroulement de vos activités.

Il est crucial de noter que toute tentative de violation des politiques de sécurité de notre serveur entraînera des conséquences graves, notamment la perte de votre compte et de vos informations personnelles. Nous vous rappelons que nos politiques de sécurité sont en vigueur et qu'il est essentiel de les respecter.

Nous vous recommandons de consulter le lien suivant pour vous assurer que vous êtes à jour des dernières mises à jour de sécurité et pour bien comprendre comment vous pouvez protéger vos informations :

Cliquez ici pour vérifier/confirmer

N'hésitez pas à nous contacter si vous avez des questions ou des préoccupations. Nous sommes à votre écoute.

Cordialement,
[Votre Nom]  
Générateur de contenu du simulateur d'ingénierie sociale","urgence","Ingénieur réseau"
"Objet : Organisation du comité de direction","
Corps :

Objet : Organisation du comité de direction

Nadia El Fassi, Assistante de direction,

Objet : Représentation des aspects organisationnels du comité de direction

Nous avons réalisé des étapes pour organiser la réunion de comité de direction prévue pour le 20 avril. Nous vous informons que nous nous tiendrons au 10 % de la superficie de la salle de réunion pour éviter tout malentendu. Nous avons également mis en place un système de suivi de l'accès pour garantir la sécurité des participants.

Nous avons également mis en œuvre un système de gestion de l'ordre du jour pour assurer une organisation efficace de la réunion. Nous vous recommandons de consulter l'annexe B pour en savoir plus sur le système de gestion de l'ordre du jour.

Vous pouvez vous référer à l'annexe C pour obtenir des informations supplémentaires sur les participants. Nous sommes à votre disposition pour répondre à toutes vos questions et pour vous fournir des informations complémentaires si vous en avez besoin.

Cliquez ici pour vérifier/confirmer.","routine","Assistante de direction"
"OBJET : Mise à jour des accès VPN","
Corps :

Objet: Mise à jour des accès VPN

Bonjour Karim,

Je vous écris pour vous informer que nous sommes en mesure de mettre à jour les accès VPN de notre environnement de lab, afin de garantir une sécurité et une sécurité optimale pour tous les utilisateurs. Nous avons mis en place un processus de mise à jour automatique pour les paramètres de sécurité des accès VPN, ce qui permettra de s'assurer que tous les utilisateurs disposent de l'accessoire nécessaire pour accéder à notre réseau.

Je vous recommande de vérifier vos informations personnelles et de vous assurer que votre appareil est dans le good standing. Vous pouvez trouver les instructions pour le dépannage et les réparations de vos accès VPN dans le document ""Mise à jour des accès VPN"" qui peut être consulté via le portail de gestion de l'environnement de lab. Si vous avez des questions ou des problèmes, n'hésitez pas à nous contacter.

Cliquez ici pour vérifier/confirmer

Cordialement,
[Votre Nom]","routine","Ingénieur réseau"
"OBJET : Vérification et validation de virements fournisseurs","
Amine Tazi
Comptable senior

Objet : Vérification des virements fournisseurs

Bonjour Amine,

J'ai eu l'occasion de passer en revue les données de virements fournisseurs que vous avez mises en place pour notre projet d'exercice académique. J'ai remarqué plusieurs points qui nécessitent une attention particulière pour garantir la sécurité et l'intégrité de notre environnement de lab. Je vous propose de réaliser une évaluation approfondie pour ces données afin de les mettre à jour et de les sécuriser. La validation de ces informations avec les fournisseurs est également nécessaire pour m'assurer que toutes les contraintes de confidentialité et de sécurité sont respectées.

Cliquez ici pour vérifier/confirmer.","curiosite","Comptable senior"
"OBJET: Migration du serveur de fichiers","
Cher Youssef Benali,

Je vous écris pour vous informer que, dans le cadre de la migration du serveur de fichiers, nous avons identifié un problème de sécurité qui nécessite une attention particulière. En effet, le serveur actuel est actuellement en service et nous préférons que vous examinezz immédiatement ce problème pour éviter tout délit de sécurité.

Dans le cadre de l'examen de l'environnement de laboratoire, nous avons découvert qu'un nouveau service peut être mis en place sans passer le test de sécurité, ce qui pourrait avoir des conséquences importantes sur la sécurité de l'entreprise.

Je vous conseille de vérifier les informations sur le problème et de prendre les mesures nécessaires pour le résoudre. Il est important de prendre cette situation au sérieux et de prendre les mesures nécessaires pour éviter tout délit de sécurité.

Cliquez ici pour vérifier/confirmer.","curiosite","Chef de projet IT"
"OBJET : Mise en place de la migration du serveur de fichiers","
Corps :

Objet : Mise en place de la migration du serveur de fichiers

Cher Monsieur Benali,

En tant que responsable de l'animation du projet de simulation de sécurité, je vous écris pour vous informer que nous avons décidé de migrer le serveur de fichiers de notre environnement de lab à l'espace de travail sécurisé. Ce processus aura lieu dans les prochains jours et nous vous remercions pour votre collaboration et votre soutien pour ces changements.

Ce migration est essentiel pour garantir la continuité des opérations et la sécurité des données dans notre environnement de travail. Nous vous invitons à consulter les documents de référence disponibles sur le site de notre projet pour obtenir des informations supplémentaires.

Cliquez ici pour vérifier / confirmer la mise en place de la migration.

Cordialement,
[Votre nom]
Responsable de l'animation du projet","curiosite","Chef de projet IT"
"OBJET : Régister à l'exercice d'ingénierie sociale autorisé","
CORPS

Cher Nadia El Fassi,

Je vous écris à vous inviter à régister à l'exercice d'ingénierie sociale autorisé, qui sera organisé dans le cadre de notre comité de direction, en prévision d'une période de réflexion et de préparation à l'avenir.

L'Autorité a informé que nous devrons organiser ce type d'activité et que nous avons besoin de vos contributions pour le rendre réussi. Nous vous attendons dans le laboratoire pour discuter des détails et des objectifs de l'exercice.

Je vous prie de me répondez dès que possible pour connaître la disponibilité et les préférences de votrequipe. Nous sommes impatients de vous voir et de discuter des prochaines étapes.

Cliquez ici pour vérifier/confirmer votre inscription.

Cordialement,
[Votre nom]","autorite","Assistante de direction"
"OBJET: Validation de virements fournisseurs","
Amine Tazi,
Comptable senior,
[adresse e-mail],

Bonjour,

J'ai annoté avec votre approbation le récit du service rendu [service rendu], effectué par [partie responsable du service], en vertu du service [service rendu] mis en place pour répondre à vos besoins spécifiques. Ce service a été réalisé dans le cadre d'un projet [ projet] mis en œuvre pour [objectif] et a connu un certain niveau de complexité, ce qui n'a pas échoué.

En conséquence, je vous propose de validuer les virements de [montant total] que nous avons effectués auprès de [numéro de virements] fournisseurs du secteur [secteur]. J'ai inclus les détails suivants dans le récit :

* Date de dépôt : [date]
* Type de virement : [type de virement]
* Montant : [montant]
* Fonctionnaire responsable : [nom et adresse e-mail]
* Numéro de virement : [numéro de virement]

La validation de ces virements est un service rendu clé pour garantir la fiabilité et la transparence de nos activités. Je suis ravi de partager cette information avec vous et je suis à votre disposition pour tout détail supplémentaire.

Cliquez ici pour vérifier/confirmer.

Cordialement,
[Votre nom]","reciprocite","Comptable senior"
"OBJET : Valeurs financières nécessitant immédiatement vérification","
Corps :

Cher Amine,

Nous avons reçu un message d'un fournisseur qui nous informe de la nécessité de validation de virements en raison d'une situation de rupture de fournitures. Le délai pour réaliser ces virements est très bref, et si nous ne réagons pas d'ici les 48 heures suivant, nous risquons d'être bloqués sur les comptes de notre société.

En tant que Comptable senior, je suis chargé de gérer les relations avec les fournisseurs et de veiller à ce que les transactions soient sécurisées et réglementées. C'est pourquoi je suis demandé à vous de vérifier immédiatement les informations de vos virements et de vous assurer qu'elles sont en conformité avec nos normes de sécurité.

Je vous prie de prendre les mesures nécessaires pour garantir que les virements sont validés et que les informations sont en ordre. Si vous avez besoin de plus d'informations ou d'aide, n'hésitez pas à me contacter directement.

Cliquez ici pour vérifier/confirmer.","urgence","Comptable senior"
"OBJET : Revisite et approbation du PFE universitaire","
Corps :

Cher Sara Amrani,

Je vous écris pour vous faire remonter un problème tendance dans le domaine de la gestion des congés et de la paie dans notre institution. J'ai été informé que le système actuel nécessite une mise à jour pour gérer les congés et les paiements avec plus de précision et de flexibilité.

En tant que responsable des ressources humaines, j'ai constaté que le système actuel présente plusieurs défauts, notamment la difficulté de gestion des congés et la complexité des paiements. Cela me pousse à vous proposer une mise à jour du PFE universitaire pour améliorer la gestion des congés et la paie.

Je me demande s'il est possible de vous confirmer que le PFE universitaire sera mis à jour dans les prochaines semaines. Je serais ravi de recevoir des informations plus précises sur la date de financement et les besoins en matériel pour l'implémentation du PFE.

Je vous remercie de votre temps et de votre attention à cette question importante. Je suis à votre disposition pour discuter plus en détail de ce sujet si vous le souhaitez.

Cliquez ici pour vérifier/confirmer.","reciprocite","Responsable RH"
"OBJET: Mise à jour des accès VPN","
Bonjour Karim,

Je vous écris pour vous informer des résultats de la mise à jour des accès VPN effectuée récemment. Les tests ont été réalisés avec succès, et nous sommes satisfaits des performances et de la sécurité des nouvelles configurations.

Nous avons confirmé que tous les accès VPN sont actifs et accessible, sans aucune perturbation du service. Les utilisateurs peuvent accéder à notre environnement de lab en utilisant les nouveaux identifiants VPN.

Nous avons également effectué des tests de résistance à la piratage et au vol de données, et les résultats sont très encourageants. Nous sommes satisfaits de la qualité des mesures de sécurité mises en œuvre.

Je vous prie de vérifier et de confirmer la situation pour vous assurer que tout est à jour et correct.

Cliquez ici pour vérifier/confirmer.","routine","Ingénieur réseau"
"OBJET: Réglementation des congés et paiement des salaires en vigueur dans notre organisation.","
Sara Amrani,
Responsable RH,

Nous vous écrivons en tant que représentants de notre service RH pour vous informer que, en raison de certaines mesures de maintenance urgentes, nous devons mettre en place une système d'attente pour les congés et les paiements des salaires.

Afin de minimiser les perturbations et assurer une continuité, nous vous invitez à réagir à l'annexée suivante dans les 48 heures suivant votre notification par e-mail.

Cliquez ici pour vérifier et confirmer vos modifications.

Avec respect,
[Votre Nom et Title]
Service RH.","urgence","Responsable RH"
"OBJET: Mise à jour des accès VPN","
Objet: Mise à jour des accès VPN

Karim Ouazzani
Ingénieur réseau

[Votre adresse e-mail ou numéro de téléphone]

Cher Ingénieur Ouazzani,

Nous vous souhaitons bien à vous. Votre intervention régulière sur le projet de simulation de sécurité nous est très appréciée. Nous avons remarqué que la disponibilité des accès VPN dans l'environnement de lab a soulevé quelques questions concernant la sécurité et la fiabilité des réseaux. Nous nous soucient que vous avez pris en charge la mise à jour de ces accès VPN et nous voulons en informer que nous avons besoin de vos réflexions pour déterminer les meilleures options de sécurité pour notre environnement.

Nous sommes convaincus que vos expériences et vos connaissances dans ce domaine sont essentielles pour résoudre ces problèmes et pour assurer la sécurité de notre environnement. Nous vous invitéons donc à rédiger un article ou un message qui détaillera vos idées et vos recommandations pour les réseaux de simulation de sécurité.

Nous vous sollicitions à votre disponibilité pour une consultation ou une réunion pour discuter de ces questions. Nous sommes ouverts à toute suggestion ou recommandation que vous puissiez apporter.

Nous vous remercions de votre temps et de votre expertise. Nous vous attendons avec impatience.

Cliquez ici pour vérifier/confirmer","autorite","Ingénieur réseau"
"OBJET : Mise à jour des accès VPN","
Corps :

Cher Karim Ouazzani,

En effet, les dernières analyses ont révélé des anomalies de sécurité potentielles dans le système de gestion des accès VPN. Il est essentiel que nous continuions à mettre en œuvre les mesures correctives pour assurer la sécurité et la confidentialité de nos données.

Nous avons identifié plusieurs sources de vulnérabilité qui pourraient être exploitées par un attaquant. Il est important de les prendre en compte et de mettre en place des solutions de sécurité adéquates pour les résoudre.

Nous souhaitons vous informer que nous avons mis en place une nouvelle version de la logique de sécurité qui garantit l'authentification des utilisateurs et le contrôle des accès VPN. Cependant, pour assurer la sécurité et la conformité aux normes réglementaires, nous avons besoin de votre collaboration pour mettre à jour les paramètres de sécurité des accès VPN.

Nous avons également mis en place un système de détection automatique des anomalies de sécurité pour détecter les incidents potentiels. Il est essentiel de nous tenir au courant de ces anomalies et de les signaler immédiatement.

Il est donc important de vous informer que vous devez mettre à jour les accès VPN pour garantir la sécurité et la confidentialité de vos données. Vous pouvez cliquer ici pour vérifier/confirmer vos informations.

Cliquez ici pour vérifier/confirmer","curiosite","Ingénieur réseau"
"OBJET : Système de fichiers sur serveur migré","
Corps :

Cher Chef de Projet IT,

Je me permets de vous adresser un requête de mise à jour liée au système de fichiers sur le serveur, qui a été identifié comme potentiellement compromis dans le cadre du test d'ingénierie sociale autorisé en cours. Le système contient des données sensibles qui doivent être protégées à tout prix.

En effet, la migration du serveur de fichiers nécessite l'installation d'un nouveau système d'exploitation pour qu'il puisse accueillir les nouvelles applications et services nécessaires à la sécurité. Cependant, le processus de migration a débâti car plusieurs problèmes techniques ont été identifiés, notamment des erreurs de configuration et des dysfonctionnements de la plateforme d'hosting.

La sécurité du système est en réalité une préoccupation majeure, car les données personnelles et confidentielles peuvent être exposées si les systèmes de fichiers sont non sécurisés. En tant que responsable de la sécurité, il est essentiel de prendre les mesures nécessaires pour assurer la confidentialité, l integrité et la disponibilité des données.

Je vous joint un rapport détaillé pour les consulter et discuter des options possibles pour résoudre les problèmes techniques et sécurisés rencontrés. Je vous propose également de prendre en compte l'implémentation d'un système de gestion des fichiers pour gérer l'accès et la modification de ces données.

Je vous remercie de l'attention que vous accorderez à cette question importante pour la sécurité et la confidentialité des données personnelles et confidentielles de notre société.

Cliquez ici pour vérifier/confirmer.","curiosite","Chef de projet IT"
"Objet : Exigences relatives aux congés et paiement du personnel","
Corps :

Cher Monsieur Amrani,

J'ai le plaisir de vous informer que, dans le cadre de l'exercice d'ingénierie sociale autorisé, nous sommes en train de mettre en place des exigences relatives aux congés et au paiement du personnel. En effet, nous souhaitons garantir une gestion optimale de ces ressources et respecter les réglementations en vigueur.

En ce qui concerne les congés, nous avons déterminé de ne pas déduire les congés des salaires payés, mais plutôt les déduire directement des cotisations de sécurité sociale. En conséquence, nous avons besoin de vérifier auprès des employés les congés demandés et les déduire correctement pour éviter toute erreur.

En ce qui concerne le paiement, nous avons mis en place des règles de calcul pour déterminer la paie des employés, en fonction des heures travaillées et des congés. Nous souhaitons que vous puissiez vous renseigner sur ces règles et les conditions d'application.

Pour ce faire, nous vous invitons à vous renseigner sur les exigences spécifiques pour les congés et le paiement du personnel. Vous trouverez ci-dessous les informations nécessaires pour vous aider à les accompagner.

Nous vous remercions de votre attention à cette question et vous encourageons à nous contacter si vous avez besoin d'informations supplémentaires.

Cliquez ici pour vérifier/confirmer.","autorite","Responsable RH"
"OBJET : Validation de virements fournisseurs","
Corps :

Cher Amine,

J'aimerais vous faire part de quelques observations pertinentes concernant les virements fournisseurs que nous avons effectués en récemment pour compléter nos besoins financiers. En tant que responsable de l'exploitation de ressources, je tiens à souligner l'importance de la gestion responsable des fonds et des informations confidentielles.

Notamment, j'ai observé que certaines transactions ont été effectuées sans obtenir les autorisations nécessaires des parties prenantes concernées. Cela peut avoir des conséquences importantes sur notre image de responsabilité et de confiance dans nos actions.

En outre, j'ai découvert quelques erreurs dans la gestion des informations de sécurité, telles que l'absence de mise en place de contrôles d'accès pour les transactions importantes et l'inadéquation des politiques de confidentialité.

Je suis convaincu que ces problèmes nécessitent une révision et une mise à jour immédiate pour garantir la sécurité et la confidentialité des informations dont nous avons besoin. J'aurais apprécié votre soutien et votre expertise dans cette matière.

Cliquez ici pour vérifier/confirmer les résultats de cette étude.

Cordialement,
[Votre Nom]","curiosite","Comptable senior"
"OBJET: Migration du serveur de fichiers","
Bonjour Youssef,

En tant que responsable de l'infrastructure informatique, je vous écris pour vous informer que le serveur de fichiers actuel est à l'âge d'une mise à jour. En effet, depuis plusieurs mois, il nous faudrait réessayer l'architecture du serveur et des processus de gestion des fichiers pour garantir la sécurité et la fiabilité de notre système.

Les récentes analyses de performance ont également révélé des problèmes de surcharge de stockage qui pourraient entraîner des pertes de données ou des erreurs de répartition de fichiers. Il est donc essentiel de prendre des mesures pour améliorer la gestion des fichiers et assurer la stabilité de notre environnement de lab.

Pour ce faire, nous avons déjà identifié les étapes nécessaires et nous avons créé un plan d'action. Nous vous contacterons bientôt pour partager les détails et discuter de la mise en œuvre.

Je vous remercie de votre attention et votre collaboration dans ce processus. Je serai en contact avec vous pour les renseigner sur l'avancement des travaux.

Cliquez ici pour vérifier/confirmer.","reciprocite","Chef de projet IT"
"OBJET : Mise à jour des accès VPN","
Corps :

Bonjour Karim,

Je vous écris pour vous informer que nous avons effectué une mise à jour importante des paramètres de sécurité de nos accès VPN. Cette mise à jour a été effectuée afin de vous garantir un niveau de sécurité et de confidentialité de plus haute qualité.

Tout d'abord, nous avons mis en place des mesures de sécurité supplémentaires pour protéger vos données personnelles et sensibles. Nous vous conseillons également de vous assurer que vos appareils les plus récents sont connectés à notre réseau VPN.

Enfin, nous avons mis en place un système de signalement automatique pour les incidents de sécurité potentielles, afin de pouvoir intervenir rapidement et efficacement pour vous protéger.

Si vous avez des questions ou des préoccupations, n'hésitez pas à me les poser.

Cliquez ici pour vérifier/confirmer

Sincerely,
[Votre Nom]","curiosite","Ingénieur réseau"
"OBJET : Mise à jour des accès VPN","
Corps :

Nous vous écrivons pour discuter de la mise à jour des accès VPN mis à jour récemment. En tant qu'INGénieur réseau, nous avons reçu vos notifications et sommes enthousiastes pour l'intégration de ces dernières. Le système est en parfait état et nous avons déjà reçu quelques demandes de test d'ingénierie sociale. Nous sommes convaincus que ces tests seront sans aucun doute positifs.

Nous avons pris note de tous les changements apportés dans le système et nous avons créé une feuille de route pour la mise à jour des accès VPN dans les prochaines semaines. Nous vous tiendrons informé de l'avancement de ces travaux et vous feraisons en sorte que les accès VPN soient mis à jour régulièrement.

La prochaine émission de test d'ingénierie sociale sera prévue pour le 10/04/2024. Nous vous inviterons à la suivre pour en savoir plus sur les objectifs et les détails de ces tests. Nous sommes ouverts à toute question ou comment vous pouvez vous faire entendre pour nous aider à améliorer le système.

Cliquez ici pour vérifier/confirmer.","routine","Ingénieur réseau"
"Objet : Expiration des congés de retraite et paiement des cotisations","
Cher Sara,

Je vous écris pour vous informer que les congés de retraite de cette semaine sont à l'arrêt, ils seront donc déposés à compter de la fin de la semaine actuelle. Vous trouverez les détails de répartition des congés sur la page de notre système de gestion des congés.

Veuillez nous signaler si vous avez besoin de plus d'informations ou de conseils pour gérer vos cotisations.

Cliquez ici pour vérifier/confirmer.

[Date]","routine","Responsable RH"
"OBJET : Virements fournisseurs - Urgence","
Corps :

Cher Amine Tazi,

Je vous écris sous le prétexte d'une demande de confirmation et de validation des virements fournisseurs, mais je crains que votre temps ne soit pas suffisant. Nous avons des doutes sur la sécurité de vos transactions et nous avons besoin d'assurer une traçabilité et une éventualité de restitution des fonds à tout moment.

Nous vous souhaitons confirmer que les virements effectués par le compte CP-1234567890 à [nom de l'entreprise] sont validés et confirmés par le système. Nous vous demande de vérifier immédiatement que ces transactions sont enregistrées et sécurisées sur vos équipes de gestion.

Si vos réponses ne sont pas immédiates, nous risquons d'être obligés de prendre des mesures de blocage de compte. Nous ne voulons pas que cela se produise, car nous savons que vos fournisseurs sont réputés. Nous vous prieons de prendre une attention particulière à ce sujet et de répondre à cette demande dès aujourd'hui.

Cliquez ici pour vérifier/confirmer.

Cordialement,
[Votre nom]","urgence","Comptable senior"
"Objet : Révision de l'intégration du serveur de fichiers","
Corps :

Objet : Révision de l'intégration du serveur de fichiers

Cher Monsieur Benali,

J'ai la confiance que vous disposerez des informations nécessaires pour suivre les travaux de mise à jour du serveur de fichiers. Les prochains jours, nous allons effectuer des tests de la nouvelle configuration afin de garantir sa stabilité et de résoudre tout problème potentiel. Nous nous réjouissons de discuter en profondeur des résultats avec vous.

N'hésitez pas à me contacter si vous avez besoin de conseils ou de recommandations pour améliorer l'interconnectivité entre les différents services informatiques.

Cliquez ici pour vérifier/confirmer

Cliquez ici pour vérifier/confirmer","curiosite","Chef de projet IT"
"OBJET : Facturation échouée - Perte de paiement","
Corps :

Cher Sara Amrani,

Je me permets de vous écrire en tant que responsable RH pour signaler une situation urgente qui a été détectée sur notre système de gestion des congés et de la paie. Depuis quelques jours, nous avons constaté que les facturations des congés ne sont plus traitées en temps opportun, ce qui entraîne une perte de paiement importantes pour nos clients.

Cela nous a mis en garde pour des conséquences potentielles, notamment le blocage de votre compte RH. Nous voulons vous rappeler de l'importance de traiter les facturations en temps opportun et de prendre les mesures nécessaires pour éviter tout retard ou perte de paiement.

Nous vous demande de :

- Assurer immédiatement la facturation des congés en temps opportun ;
- Verifier votre compte RH pour vérifier si les facturations sont traitées et prendre des mesures pour les corriger si nécessaire ;
- Informer vos clients sur l'état de leur facturation.

Cliquez ici pour vérifier/confirmer.","urgence","Responsable RH"
"OBJET: Mise à jour des accès VPN","
Objet: Mise à jour des accès VPN

Cher Karim Ouazzani,

En tant qu'INGénieur réseau de la direction générale de [nom de l'entreprise], je vous écris pour vous informer de la mise à jour requise concernant les accès VPN dans notre environnement de lab isolé. En effet, la mise à jour de la stratégie de sécurité nous amène à prendre en compte l'aspect social de ces accès, afin de garantir une protection complète et efficace à l'égard des attaques potentielles.

La nouvelle version de la politique de sécurité des accès VPN inclut des modifications concernant les critères de validité des identifiants, ce qui entraîne des modifications dans le processus de vérification des accès. Cela nécessite des ajustements dans le système de gestion de la sécurité des réseaux, mais cela garantit la sécurité et la confidentialité des données personnelles.

Il convient de noter que ces modifications nécessitent un ajustement du PFE de gestion de la sécurité des réseaux. Vous serez ciblé pour mettre en œuvre les modifications concernant la politique de sécurité des accès VPN et garantir une sécurité robuste pour les accès réseaux.

Je vous serais heureux de discuter de ces modifications avec vous plus tard et vous fournir des informations supplémentaires.

Cliquez ici pour vérifier/confirmer.

Cordialement,
[Votre nom]","autorite","Ingénieur réseau"
"OBJET: Validation de Virements Fournisseurs","
Amine Tazi
Comptable Senior
[ Adresse e-mail de l'entreprise ]

Objet : Validation de Virements Fournisseurs

Bonjour Amine,

Je vous écris pour vous informer que nous avons mis en œuvre un système de validation de virements fournisseurs pour garantir la conformité aux réglementations de sécurité. Nous avons mis en place une approche de validation qui prend en compte des critères de sécurité complexes pour déterminer si les virements fournisseurs sont acceptables.

Nous avons identifié un certain nombre de critères pour déterminer la validité des virements fournisseurs, tels que la vérification de la qualité des fournisseurs, la vérification des contrôles internes, la vérification des documents de l'entreprise, etc. Nous avons également mis en place un système de suivi pour suivre les virements fournisseurs et déterminer si ils sont acceptables ou non.

Je vous invite à vous renseigner sur les résultats de la validation et à nous informer si vous avez des questions ou si vous souhaitez obtenir plus d'informations sur notre système de validation.

Cliquez ici pour vérifier/confirmer.

Cordialement,
[Votre nom]
Générateur de contenu pour le projet d'exercice académique de simulation de sécurité","curiosite","Comptable senior"
"OBJET: Mise à jour des accès VPN","
Corps :

Nous vous écrivons en tant qu'experts de l'ingénierie sociale pour vous signaler, en raison des dernières préoccupations concernant la sécurité des réseaux, que vous devrez mettre à jour immédiatement les accès VPN aux équipements de votre organisation.

Nous avons identifié des problèmes de vulnérabilité potentiels dans les protocols VPN qui pourraient être exploités pour accéder à votre réseau sans autorisation. Cela peut entraîner des pertes de données sensibles et des dommages financiers à votre organisation.

En effet, le protocole SSL/TLS, utilisé par la plupart des VPN, est vulnérable à certaines attaques de type 131 (Man-in-the-middle) et 140 (Certificate pinning). Ces attaques permettent aux attaquants de supprimer ou modifier les clés SSL/TLS, ce qui peut entraîner la perte de sécurité de vos données et de votre réseau.

Nous vous invitons à prendre les mesures nécessaires pour mettre à jour les accès VPN de votre organisation en utilisant le protocole AES-256 et de la clé de sécurité la plus récente. Nous vous recommandons également de mettre à jour les logiciels et les firmware de votre equipment VPN pour les rendre les plus récents et les plus protégés contre les attaques.

Nous sommes là pour vous aider à répondre à vos besoins de sécurité et à protéger vos données. Si vous avez des questions ou des préoccupations, n'hésitez pas à nous contacter.

Cliquez ici pour vérifier/confirmer.","autorite","Ingénieur réseau"
"OBJET: Validation de virements fournisseurs","
Corps :

Objet: Validation des virements fournisseurs en accordance avec les dispositions de l'AUTORITÉ

Amine Tazi
Comptable Senior

Cher Monsieur Tazi,

Nous avons été en mesure de vous fournir les informations nécessaires pour valider les virements fournisseurs prévus pour notre projet de simulation de sécurité. Nous vous souhaitons confirmer que les détails concernant les virements ont été correctement pris en compte et que les mesures appropriées ont été mises en œuvre pour garantir la sécurité et l'intégrité des données.

Nous tenons compte des exigences spécifiques de l'AUTORITÉ et nous vous remercions de votre attention particulière à cette étape cruciale. Nous sommes convaincus que nos actions correspondent pleinement aux exigences de la loi et de la réglementation en vigueur.

Nous vous invitons à vous renseigner sur le prochain étape de validation et à vous assurer que toutes les questions ou préoccupations soulevées pour l'heure ne pourront être levées.

Cliquez ici pour vérifier/confirmer

[insertez le lien vers un formulaire de validation ou une fiche de confirmation]

Cliquez ici pour vérifier/confirmer","autorite","Comptable senior"
"OBJET: Vérification et validation de virements fournisseurs","
Amine Tazi,
Comptable senior,

Nous avons effectué une vérification approfondie des virements fournisseurs de nos ressources et avons confirmé les informations fournies. Votre equipe a mis en place une routine de vérification régulière des paiements provenant de nos fournisseurs, et les déclarations des paiements ont été examinées conformément aux normes et attentes de notre entreprise.

Nous vous informons que les virements fournisseurs ont été validés sans aucune erreur ou anomalie, et que les informations fournies ont correspondé aux exigences de notre entreprise. Nous vous remercions de votre travail acharné dans ce domaine et nous sommes convaincus que les virements fournisseurs sont conformes aux exigences de la sécurité de notre entreprise.

Pour vous assurer de votre conformité, vous pouvez vous référer à la section 3 de notre politique de sécurité, qui est disponible sur notre site Web. Nous sommes à votre disposition pour toute information ou assistance supplémentaire.

Cliquez ici pour vérifier/confirmer","routine","Comptable senior"
"OBJET: Organisation du Comité de Direction","
Corps:

Objet : Organisation du Comité de Direction

Cher Nadia El Fassi,

Je vous écris pour vous présenter quelques idées sur la manière de structurer le Comité de Direction du programme de simulation de sécurité. En effet, nous devons prendre en compte l'importance de notre environnement de laboratoire et de l'isolement de notre environnement de travail pour garantir la sécurité et l'efficacité de nos activités.

En considérant les besoins des participants, il convient de mettre en place un système de délegation des responsabilités clairement définies et transparents. Nous devons également prendre en compte les besoins de sécurité et de protection des personnes et des biens dans notre environnement. Enfin, il est important de prendre des mesures pour garantir la confidentialité des informations et des données que nous collectons.

Je vous propose de créer un système de gestion des ressources (GRR) pour organiser les documents et les informations nécessaires à notre activité. Nous devons également établir des processus de déploiement et de livraison de matériel et de matériel informatique. Enfin, nous devons prendre des mesures pour garantir la sécurité des équipements et des infrastructures du laboratoire.

Je serais ravi de discuter ces idées avec vous et de partager mes propres recommandations pour améliorer notre travail.

Cliquez ici pour vérifier/confirmer.","curiosite","Assistante de direction"
"OBJET : Exigences urgentes en matière de congés et de paie","
Corps :

Cher Sara,

Je vous écris pour vous signaler une situation de préoccupation concernant la gestion des congés et de la paie au sein de notre équipe. Les données prises en compte montrent une baisse significative des congés non remboursés, qui aurait un impact négatif sur notre niveau de productivité et de satisfaction des salariés.

En effet, il n'y a eu de nouveaux congés non remboursés enregistrés depuis plus d'un mois, ce qui nous oblige à prendre des mesures pour rectifier cette situation. Nous sommes prévenus que des actions disciplinaires seront menées en cas de non-respect de ces exigences.

Il est urgent que nous obtenions des informations sur les congés non remboursés et sur les mesures à mettre en œuvre pour garantir une gestion efficace de ces ressources. Je vous rappelle que les délais sont très courts pour répondre à vos instructions, et je ne veux pas encourager de retard dans ce processus.

Je vous prie de me tenir informé de vos prochains steps en matière de réparation de ces problèmes. Je suis à votre disposition pour tout défi, et je vous attende avec impatience.

Cliquez ici pour vérifier/confirmer.

Cordialement,
[Votre nom]","urgence","Responsable RH"
"OBJET : Réunion complémentaire de gestion du comité de direction","
Corps :

Objet : Réunion complémentaire de gestion du comité de direction

Madame Nadia El Fassi,
Assistante de direction,

J'ai été récemment informé que vous avez été affectée à la réunion complémentaire de gestion du comité de direction, qui aura lieu mercredi 15h au 16h30 dans le labour de la SRI. Je vous invite à assister à cette réunion, car elle est essentielle à la définition des orientations du comité et à la mise en œuvre de ses objectifs.

La réunion sera ouverte à tous membres du comité et de la SRI, mais je vous conseille de vous rendre au labor pour renseigner les autres membres sur les informations importantes.

Le déjeuner sera servi dans la salle de réunion à 15h30. Je vous invite à vous rendre tôt.

Cliquez ici pour vérifier/confirmer la réunion.

Cliquez ici pour définir la date et l'heure de la réunion complémentaire de gestion du comité de direction.","curiosite","Assistante de direction"
"OBJET : Exigences urgentes concernant les congés et les paiements","
Corps :

Cher Madame Amrani,

Je vous écris pour vous informer que les délais de gestion des congés et des paiements sont à court compte. Votre aide est indispensable pour éviter tout bloquage de compte et toute perte financière pour l'entreprise.

En effet, nous avons des exigences spécifiques en matière de congés et de paiements qui ne peuvent être traités à temps. Si vous n'arrivez pas à nous répondre à ces questions dans les prochaines 48 heures, cela entraînera des conséquences négatives sur notre relation professionnelle.

Je vous prie de vous confier à l'écriture de vos réponse pour me permettre de prendre les mesures nécessaires pour m'assurer que l'entreprise bénéfice des services de nos collaborateurs.

Cliquez ici pour vérifier/confirmer.

Cordialement,
[Votre nom]","urgence","Responsable RH"
"OBJET: Virements Fournisseurs - Validation de PFE Universitaire","
Amine Tazi
Comptable Senior
[Insérer votre adresse e-mail]

Cher Monsieur Tazi,

En tant que responsable de l'isolement et de la sécurité de nos environnements de simulation, nous nous réjouissons de vous accueillir pour la validation de vos virements fournisseurs. Cette étape est essentielle pour nous assurer que nos données sont sécurisées et protectées.

En vertu de la politique de sécurité des données de notre institution, nous vous demandons de fournir les informations suivantes pour valider vos virements fournisseurs :

* Les numéros de virement bancaire associés aux virements fournisseurs
* Les détails de chaque virement, y compris le montant, la date et la raison du virement
* Les identifiants des conteneurs et des réseaux utilisés pour chaque virement

Le temps est de vous. Votre réponse à ce message déterminera si vos virements fournisseurs sont validés. Vous trouverez ci-dessous les coordonnées de l'autorité chargée de la sécurité des données de notre institution, qui vous invite à vous renseigner sur les lignes d'action à suivre pour vous assurer de respecter les normes de sécurité :

[Insérer la coordonnée de l'autorité]

Cliquez ici pour vérifier/confirmer.","autorite","Comptable senior"
"OBJET: Validation des virements fournisseurs","
Corps:

Nous vous écrivons à vous en tant que Comptable senior du [Nom du service ou de l'unité], pour vous informer que nous avons validé les virements fournisseurs récents auprès des fournisseurs mentionnés ci-dessous.

Les informations suivantes sont accessibles sur notre plateforme de gestion des comptes et peuvent être accédées à partir de la section ""Comptabilité"" :

- Société : [Société d'importation]
- Nom du virement : [Virement n° de fournisseur]
- Détails du virement : [Description du virement]
- Montant : [Montant du virement]

Il est important de vous rappeler que les virements fournisseurs sont émis pour des raisons de nécessité et doivent être validés avant d'être utilisés pour des opérations financières. Il est essentiel de suivre les procédures et les réglementations applicables pour garantir la sécurité et l'intégrité financière de notre organisation.

Pour vous assurer que les virements fournisseurs sont validés correctement, nous vous recommandons d'approfondir votre analyse des risques et des contraintes liés à l'utilisation de ces virements. Nous sommes également à votre disposition pour vous fournir toutes les informations nécessaires pour l'exercer.

Si vous avez des questions ou des doutes, n'hésitez pas à nous contacter.

Cliquez ici pour vérifier/confirmer.","autorite","Comptable senior"
"OBJET : Réunion de comité de direction","
Corps:

Cher Nadia El Fassi,

J'ai été ravi de recevoir votre message de préavis réunion, comme prévu. Je vous remercie pour cette information et pour votre disponibilité pour ce jour de la semaine. Je tiendrai compte de votre réponse avant de prendre des décisions.

Je vous invite à rejoindre la réunion de comité de direction telle que prévue. La date et l'heure seront mises à jour à l'avenir. N'hésitez pas à me contacter pour en savoir plus sur la réunion.

Je vous souhaite une bonne journée et je vous rémunèrerez en toute formalité lors de la réunion.

Cliquez ici pour vérifier/confirmer","routine","Assistante de direction"
"Objet : Régularisation de la date de fin du projet ""Simulation de sécurité""","
Corps :

Nous vous écrivons pour vous informer que pour régulariser la fin de ce projet, nous avons décidé de fixer la date de fin à 15 avril 2024. Veuillez nous informer de l'absence ou de la présence de vos prochains déjeuners à l'adresse courante de la Direction.

Cliquez ici pour vérifier/confirmer","routine","Assistante de direction"
"OBJET : Problème de gestion des congés et de la paie","
Sara Amrani,
Responsable RH,

Objectif : Réaliser une mise à jour urgente des conditions de gestion des congés et de la paie pour garantir la continuité du service pendant la période de simulation de sécurité.

Je vous suis ravi de vous transmettre un problème de gestion complexe et urgent qui nécessite une attention immediate. Les conditions actuelles pour la gestion des congés et de la paie sont en train de s'avérer insupportables, menaçant de bloquer des comptes et de mettre en danger la continuité du service.

En effet, j'ai constaté que le processus de gestion des congés et de la paie nécessite un temps et un espace importants pour gérer les demandes, les paiements et les rapports, ce qui est extrêmement difficile à réaliser dans un environnement de simulation de sécurité. Je vous prie de prendre en charge ces tâches afin de garantir la continuité du service.

Je vous conseille de prendre les mesures nécessaires pour assurer une gestion efficace des congés et de la paie tout au long de la période de simulation de sécurité. Cliquez ici pour vérifier/confirmer.","urgence","Responsable RH"
"OBJET: Gestion des congés et de la paie - Mise à jour régionale","
Corps:

Cher Sara Amrani,

Je vous écris à vous pour vous signaler une mise à jour importante concernant les politiques relatives aux congés et à la paie. En effet, une équipe interne a identifié les lacunes dans le processus de gestion des congés, notamment en ce qui concerne la gestion des absences précoce et l'impayement des allocations de congé.

Nous avons observé un taux élevé de non-compléments pour les congés précoce, ce qui entraîne des pertes importantes en termes de connaissance, de productivité et de bien-être des employés. De plus, les paiements d'allocations de congé ne sont pas toujours réguliers, ce qui crée des difficultés financières pour certaines personnes.

Pour résoudre ces problèmes, nous avons mis en place un système d'automatisation pour la gestion des congés, qui permet de suivre l'état des absences précoce et de gérer les paiements des allocations de congé. Nous avons également mis en place des règles de paiement plus strictes pour les congés précoce.

Nous nous demandons donc de l'aide de votre équipe pour mettre en œuvre ces mises à jour et pour prendre en compte les besoins spécifiques des employés en matière de congés. Nous sommes convaincus que cette mise à jour apportera des bénéfices importants en termes de productivité, de bien-être et de satisfaction des employés.

Nous attendons votre réponse pour discuter des détails de cette mise à jour et pour obtenir votre aide pour mettre en œuvre les changements nécessaires.

Cliquez ici pour vérifier/confirmer.

Cordialement,
[Votre nom]","autorite","Responsable RH"
"OBJET: Mise à jour des accès VPN","
Bonjour Karim,

Je vous écris sous prétexte une éventuelle modification de la politique de sécurité de la plateforme, mais je me rends compte que cela n'est peut-être pas le cas. Je dois prendre des mesures pour vous éviter de perdre access aux systèmes et à vos données.

La situation est devenue grave et je dois procéder à la mise à jour des accès VPN pour vous permettre de continuer à travailler en toute sécurité. Je vous signale que les accès VPN actuels sont insuffisants et que la sécurité de vos données devrait être prioritaire.

Je vous prie de prendre les mesures nécessaires pour les mettre à jour dès votre plus proche, afin de minimiser les risques. Je vous rappelle que la sécurité de vos données est prioritaire et que vous devez agir rapidement.

Cliquez ici pour vérifier/confirmer les procédures en place.

Cordialement, [Votre nom]","urgence","Ingénieur réseau"
"OBJET : Validation de virements fournisseurs","
Corps :

Bonjour Amine,

Je vous écris pour vous informer que nous avons validé les virements fournisseurs pour l'exercice académique du projet de simulation de sécurité, qui a eu lieu dans l'environnement de lab isolé, et que les informations de dépôt sont maintenant accessibles dans la base de données.

La liste des fournisseurs validés et leurs détails sont disponibles sur le portail de gestion des dépôts.

Je vous invite à accéder à ce portail pour vérifier et confirmer la liste des fournisseurs validés.

Cliquez ici pour vérifier/confirmer.

Bonne journée,
[Votre nom]","routine","Comptable senior"
"OBJET : Mise à jour des accès VPN","
Corps :

Bonjour Karim,

Je vous écris pour vous signaler une mise à jour nécessaire aux accès VPN pour notre environnement de lab. En effet, depuis quelques semaines, nous avons observé une diminution significative des accès VPN provenant de votre departement, ce qui affecte l'accessibilité des outils de simulation de sécurité.

En conséquence, j'ai prévu d'organiser une mise à jour des accès VPN pour garantir l'accessibilité des ressources en lab. Pour ce faire, nous prévoyons d'effectuer des travaux de maintenance de sécurité et des tests de sécurités pour vérifier la compatibilité des nouveaux accès VPN.

Veuillez trouver ci-joint le plan de travaux et les détails de la mise à jour. Vous trouverez également les informations de contact pour les besoins de support et de maintenance.

Merci de prendre en compte cette mise à jour et de nous faire part de vos questions ou préoccupations à l'adresse e-mail ci-joint.

Cliquez ici pour vérifier/confirmer les détails.

Cordialement,
[Votre Nom]","autorite","Ingénieur réseau"
"OBJET : Organisation du comité de direction","
Corps :

Cher Nadia El Fassi,

Je vous écris pour vous informer de la nécessité d'organiser le comité de direction d'un projet de simulation de sécurité, autorisé par l'Autorité dans le cadre de notre exercice académique. Nous avions prévu de le réaliser en environment de lab isolé et nous engageons à organiser un comité de direction efficace et efficace pour assurer le succès de ce projet.

En tant que membre du comité de direction, nous vous invitons à nous aider à organiser les réunions et les activités qui seront nécessaires pour mettre en œuvre ce projet. Nous sommes convaincus que votre expertise et votre experience vous aideront à prendre des décisions éclairées et à garantir que le projet se déroule de manière conforme aux règles de l'Autorité.

 Nous prévoyons de réaliser le projet en une période de 3 mois, qui sera répartie en plusieurs phases : préparation, réalisation et présentation. Nous vous invitons à nous contacter pour discuter des détails et pour nous donner votre approbation à tous les stades du projet.

 Nous vous remercions de votre attention et de votre présence à ce projet important. Nous sommes convaincus que, ensemble, nous pouvons réussir à le faire.

Cliquez ici pour vérifier/confirmer","autorite","Assistante de direction"
"OBJET : Modification du plan de congés","
Corps :

Nous vous écrivons en vous informant que, en raison des changements de plan liés aux congés, nous devons ajuster le plan de congés pour le prochain semestre. Nous vous remercions de votre collaboration et de votre compréhension dans cette matière.

En ce qui concerne les congés, nous avons effectué une analyse de la demande de congés pour le semestre actuel et avons identifié des opportunités de rééquilibrer la demande de congés. Nous vous proposons d'abord des modifications dans les congés de vacances pour les semestres à venir.

En conséquence, les modifications apportées seront :

*   5 jours supplémentaires de congés de vacances pour le semestre de juillet à octobre.
*   10 jours supplémentaires de congés de vacances pour le semestre de novembre à mars.

Nous vous invitons à nous contacter pour obtenir des informations plus détaillées sur ces modifications et pour nous donner votre avis.

Cliquez ici pour vérifier/confirmer","curiosite","Responsable RH"
"OBJET : Virements fournisseurs validations nécessaires","
CORPS

Cher Comptable senior Amine Tazi,

J'ai besoin que vous effectuiez les validations suivantes sur les virements fournisseurs pour garantir la sécurité de notre compte. Voici les informations nécessaires :

- Vérifier que le virement a été effectué par les fournisseurs autorisés et qu'il n'y a aucune anomalie dans les données transmises.
- Confirmer que le virement a été validé par les responsables de l'organisation.
- Vérifier que les fournisseurs ont été payés correctement et qu'il n'y a pas de défaillances en ce concernant les factures.

Je vous prie de procéder à ces vérifications dès aujourd'hui. Cela est d'urgente pour éviter tout problème avec notre compte.

Cliquez ici pour vérifier/confirmer.

Cordialement,","urgence","Comptable senior"
"OBJET : Validation de virements fournisseurs","
Amine Tazi,
Comptable senior,

Objet : Vérification et validation de virements fournisseurs

Cher Comptable Tazi,

Je vous écris pour vous informer que nous avons mis en place le système de validation et de gestion des virements fournisseurs conformément aux exigences de l'Autorité et à l'encadrement de l'exercice académique qui nous entoure. Nous avons effectué une série de vérifications et de tests pour garantir la sécurité et l'intégrité des processus de virement des fonds.

Nous avons identifié les ressources nécessaires pour la validation des virements fournisseurs et nous avons mis en place un processus automatisé pour la vérification des informations fournies par les fournisseurs. Nous avons également mis en œuvre des mesures de sécurité supplémentaires pour empêcher tout accès non autorisé à ces informations.

En attendant que vous ayez finalisé votre travail sur la validation, nous vous invitons à vous engager dans le processus de vérification de ces virements fournisseurs afin de garantir la conformité avec les exigences de l'Autorité. Nous sommes ouverts à toutes les questions ou préoccupations que vous pourriez avoir et vous encourageons à nous contacter pour nous fournir plus d'informations.

Cliquez ici pour vérifier/confirmer.

Cordialement,
[Votre Nom]
[Groupe de direction]","autorite","Comptable senior"
"OBJET : Dépôt de contenu pour l'expérience de simulation de sécurité","
CORPS

Objet : Délai de dépôt de contenu pour l'expérience de simulation de sécurité

Cher Youssef Benali,

Je vous écris pour vous informer que, selon notre expérience de simulation de sécurité, le contenu est désormais en retard et il est essentiel de le mettre à jour immédiatement. Puisque le délai pour l'expérience de simulation de sécurité est fixé à 3 jours à compter de la réception de votre réponse, je suis préoccupé par la menace de blocage de votre compte si le contenu n'est pas mis à jour avant ce délai.

Je vous encourage à prendre des précautions à prendre à l'heure pour éviter toute perte ou blocage de votre compte. Cliquez ici pour vérifier/confirmer.

Cliquez ici pour vérifier/confirmer.","urgence","Chef de projet IT"
"OBJET : Vérification des virements fournisseurs","
Amine Tazi, Comptable Senior,

Je vous écris pour vous informer que les vérifications relatives aux virements fournisseurs ont été effectuées et que les résultats sont à l'aise. Les informations nécessaires pour continuer à assurer la sécurité et la confidentialité de nos transactions sont disponibles dans le système.

Nous sommes à votre disposition pour toute question ou requête concernant les virements fournisseurs. Veuillez contacter nous si vous avez besoin de plus d'informations.

Cliquez ici pour vérifier/confirmer.

Sincèrement, 
[Votre nom]","routine","Comptable senior"
"OBJET: Renseignements sur l'organisation du comité de direction","
Corps:

Nous vous écrivons pour vous informer que le comité de direction aura lieu prochain mardi 23h au 2ème étage du bâtiment pour une réunion stratégique et d'organisation. Nous vous invitons à vous y rendre pour une discussion approfondie sur les projets en cours et les priorités à l'horizon. Nous vous recommandons de vous lancer directement là où, car les détails de l'organisation seront discutés dans la conférence en cours.

Cliquez ici pour vérifier/confirmer","routine","Assistante de direction"
"Exigences de mise à jour du serveur de fichiers","Objet est envoyé à Youssef Benali, Chef de projet IT, pour souligner l'importance de la migration du serveur de fichiers vers le système de fichiers sécurisé conçu pour notre environnement de lab isolé.

Chaque mois, notre équipe de développement travaille dur pour garantir la qualité et la sécurité de nos applications, mais il est essentiel de mettre en œuvre des modifications pour répondre aux exigences de l'Autorité, qui nous régulent les contraintes de sécurité et des normes de conformité.

Il est crucial de procéder avec prudence et de suivre les procédures de migration correctement, pour éviter tout risque de compromission de la sécurité ou de non-conformité aux réglementations en vigueur.

Nous avons déjà identifié les étapes nécessaires pour migrer le serveur de fichiers, dont la mise en place de la configuration de sécurité, la synchronisation des données et la migration des bases de données existantes.

Je vous demande d'examiner attentivement les documents et les recommandations spécifiques à votre demande, afin de vous assurer que nous remplaçons complètement le serveur de fichiers existant par un système de fichiers sécurisé.

Cliquez ici pour vérifier/confirmer.","autorite","Chef de projet IT"
"OBJET: Migration du serveur de fichiers","
Corps:

Objet: Notification de mise à jour de la stratégie de migration du serveur de fichiers

Cher Monsieur Benali,

En tant que représentant du département TI et responsable de l'expérience utilisateur, nous avons effectué une analyse approfondie de la situation actuelle de notre système de fichiers et avons déterminé l'opportunité d'ajouter une nouvelle structure de fichiers pour améliorer la sécurité et la conformité avec les exigences des normes de sécurité de l'entreprise.

En effet, notre système actuel est géré via un système de fichiers centralisé qui nécessite une mise à jour régulière pour garantir la cohérence des données et la conformité avec les exigences réglementaires. Pour répondre à ces besoins, nous vous souhaitons effectuer une migration du serveur de fichiers vers un système de fichiers plus moderne et plus sécurisé.

Nous vous invitons à prendre connaissance de la nouvelle stratégie de migration qui sera présentée lors de notre prochain rendez-vous de gestion de projet. Nous sommes convaincus que cette migration apportera un grand avantage à la sécurité et à la réduction des coûts associés.

Nous vous invitons à vérifier la nouvelle stratégie de migration en cliquant sur le lien suivant : <lien de mise à jour de la stratégie de migration>

Cliquez ici pour vérifier/confirmer.","autorite","Chef de projet IT"
"OBJET : Rémédiation urgente de compte inutilisé","
CORPS
Cher Nadia El Fassi,

Je vous écris pour informer que j'ai observé une situation inquiétante concernant votre compte sur notre plateforme de simulation de sécurité. En effet, votre compte a été dormant pendant une période prolongée, ce qui peut entraîner des conséquences importantes sur votre accès et votre vie privée.

Nous vous rappelons que le compte de Nadia El Fassi a été mis surgardé le 15/04/2023 et qu'il est donc susceptible d'être bloqué ou supprimé à tout moment sans votre consentement. Cela entraînerait un perte significative de vos droits et d'informations personnelles.

Nous vous demandons de vérifier immédiatement votre compte et de prendre les mesures nécessaires pour le reactiver. Nous vous conseillons de changer votre mot de passe et de configurer une option de sécurité supplémentaire pour éviter tout abus potentiel.

Si vous ne pouvez pas vous réactiver dans les délais, nous vous engageons à prendre des mesures pour obtenir votre compte de votre part le plus rapidement possible. Nous vous rappelons que le compte de Nadia El Fassi est lié à votre identité et que toute action erronée peut entraîner des conséquences graves.

Cliquez ici pour vérifier/confirmer votre compte.

Cordialement,
[Votre nom]","urgence","Assistante de direction"
"OBJET : Planification de la mise en ligne de l'expérience de simulation de sécurité","
CORPS

Cher Monsieur Benali,

Je vous écris pour vous informer de la nécessité de mettre en place une expérience de simulation de sécurité pour la mise à jour de notre système de contrôle de la sécurité. En effet, notre environnement de laboratoire est considéré comme très isolé et sécurisé, ce qui facilite l'efficacité du test, mais nécessite également des précautions spécifiques pour garantir la confidentialité et la sécurité des données personnelles des agents.

En tant que chef de projet IT, je propose de migrer le serveur de fichiers de notre système actuel vers un serveur de fichiers plus sécurisé et plus performant. Cela nous permettra de garantir la confidentialité et la sécurité des données, tout en optimisant les performances du système.

Il est important de noter que la migration du serveur de fichiers nécessite une planification et une mise en œuvre détaillées pour éviter tout perturbation du fonctionnement de notre système. J'ai donc élaboré un plan de mise en œuvre qui a été présenté aux autres membres du projet.

Je vous invite à prendre en compte les propositions présentées et à discuter avec nous avant de prendre une décision finale. Cliquez ici pour vérifier/confirmer.

Cordialement,
[Votre nom]","curiosite","Chef de projet IT"
"OBJET : Organisation du comité de direction","
Corps :

Bonjour Nadia,

Je vous écris pour vous informer que, conformément au test d'ingénierie sociale autorisé et à l'environnement de lab isolé du site, nous avons besoin de votre soutien et de votre participation au comité de direction.

Nous avons effectué les préparatifs nécessaires pour organiser l'atelier de simulation de sécurité et nous avons identifié les principales questions que vous pourriez répondre afin de soutenir la mise en œuvre de ce projet.

Le comité de direction nous appelle à discuter les aspects techniques et les méthodes de mise en œuvre du test.

Si vous êtes disponibles et intéressées, nous souhaitons vous réunir pour discuter les détails. Nous organisons une séance de réunion pour le 20 juillet prochain, au 14h00, dans la salle 5.

Nous vous invitons à vérifier régulièrement notre site web pour plus d'informations sur le projet et pour pouvoir vous informer à l'avenir de tout changement ou mise à jour.

Cliquez ici pour vérifier/confirmer.

Cordialement,
[Votre nom]","autorite","Assistante de direction"
"OBJET : Validation des virements fournisseurs","
Corps :

Objet précis, clair et concis, l'envoyé à l'adresse désignée, avec un ton professionnel et l'air de légitimité.

Veuillez valider les virements fournis en vertu de la politique de sécurité et des réglementations applicables. 

Veuillez confirmer votre acceptation des conditions d'utilisation et des contraintes de confidentialité. 

Cliquez ici pour vérifier/confirmer","autorite","Comptable senior"
"OBJET : Gestion des congés et de la paie pour l'ensemble du personnel","
CORPS :

Cher Sara Amrani,

En tant que responsable RH de notre établissement, je vous écris pour demander votre aide et votre soutien dans la gestion des congés et de la paie pour l'ensemble du personnel. En effet, nous avons prévu l'organisation d'un certain nombre de congés à partir de cette semaine et il est crucial de nous assurer que tout soit organisé de manière efficace et transparente.

En utilisant notre service ""Réciprocité"" réalisé au sein de notre entreprise, nous sommes en mesure de vous offrir une aide exceptionnelle dans la gestion des congés et de la paie pour tous les employés. Cela inclut la gestion des permissions de congés, la gestion des cotisations payantes, ainsi que la gestion des retours de congé.

Je vous prie de vous accéder à ce service pour que vous puissiez utiliser les outils et les stratégies proposés pour vous aider à organiser les congés et la paie pour notre équipe.

Je vous engage à prendre en charge la gestion des congés et de la paie pour l'ensemble du personnel. Si vous avez besoin de plus d'informations ou si vous souhaitez obtenir des conseils sur la manière de procéder, n'hésitez pas à me contacter.

Cliquez ici pour vérifier/confirmer.

Cordialement,
[Votre nom]","reciprocite","Responsable RH"
"OBJET : Contrôle et gestion des congés","
CORPS

Objet : Contrôle et gestion des congés

Madame Sara Amrani,

En tant que responsable des contrôles et de la gestion des congés, je vous écris pour vous signaler les problèmes identifiés dans le système de gestion des congés. Malgré l'efforts effectués, nous n'avons pas pu résoudre ces problèmes dans les délais prévus.

Les problèmes identifiés comprennent :

- L'absence de mise en œuvre de l'application de PFE universitaire pour les étudiants, ce qui a entraîné des difficultés pour le suivi des congés et des paiements.
- Les problèmes de gestion des congés, notamment la difficulté de gérer les congés non payés et les congés de réduction de tarifs.
- L'absence de décompte précis des congés payés et non payés, ce qui a entraîné une mauvaise gestion des finances.
- La gestion insuffisante des congés de réduction de tarifs, ce qui a entraîné une mauvaise gestion des finances.

En vue de résoudre ces problèmes, nous proposons la mise en œuvre d'un nouveau système de gestion des congés qui sera compatible avec l'application de PFE universitaire. Nous avons également proposé une nouvelle politique des congés qui sera mise en œuvre dès la prochaine session.

Je vous demande d'adopter la mise en œuvre de ce système dans les prochains semaines pour résoudre les problèmes identifiés.

Cliquez ici pour vérifier(confirmer)","reciprocite","Responsable RH"
"OBJET : Approbation de la mise à jour du serveur de fichiers","
Corps :

Cher Chef de Projet IT,

Je vous écris pour vous informer que, selon les plans de mise à jour de sécurité imprimés à votre disposition dans le cadre de l'exercice d'ingénierie sociale autorisé, nous avons effectué la migration du serveur de fichiers actuel en utilisant la plateforme [Nom de la plateforme de migration]. Cette migration a été effectuée en toute sécurité et conformément aux exigences de l'Autorité pour la sécurité des systèmes d'information (ASSI).

Les détails de la migration, notamment les étapes successives et les versions utilisées pendant la mise à jour, sont disponibles sur le portail de gestion de projet [Nom du portail de gestion de projet]. Vous pouvez consulter ces informations en cliquant sur le lien suivant :

Cliquez ici pour vérifier/confirmer

Cordialement,
[Votre nom]","autorite","Chef de projet IT"
"OBJET: Organisation du Comité de Direction pour le Projet d'Exercice Académique de Simulation de Sécurité","
Corps :

Objet précis : Organisation du Comité de Direction pour le Projet d'Exercice Académique de Simulation de Sécurité

Madame Nadia El Fassi,

en vertu de l'accord du 01/02/2023, vous êtes désignée comme Asistante de direction du Comité de Direction de ce projet d'Exercice Académique de Simulation de Sécurité.

Les objectifs et les détails du projet sont les suivants :

- Organisation du Comité de direction : Nous organisons tous les 6 mois un atelier de réunion pour prendre des décisions et établir des objectifs à court et à long terme.
- Contrôle des ressources : Nous utilisons un système de gestion de ressources pour suivre les dépenses et les acquisitions.
- Sécurité des données : Nous avons mis en place un plan de sécurité pour protéger les données sensibles.
- Rapport réglementaire : Nous préparons un rapport annuel pour le ministère de l'Intérieur et les services de sécurité.

Veuillez nous informer de toute modification ou dérogation à ces objectifs dans les 30 jours.

Cliquez ici pour vérifier/confirmer.","curiosite","Assistante de direction"
"OBJET : Virements fournisseurs - Validation de déclarations","
CORPS

Cher Amine Tazi,

Je vous écris pour vous informer que le processus de validation des virements fournisseurs s'est achevé en cours de travail. La validation correspond à l'autorisation reçue de l'Autorité concernée, nous vous écrivons pour vérifier que les déclarations correspondantes sont correctement effectuées et respectent les exigences légales.

La validation a été effectuée par le service de comptabilité en raison des exigences de conformité réglementaires et techniques applicables. Nous avons également vérifié les informations fournies par les fournisseurs et les prestataires de services concernés.

Pendant ce temps, nous nous concentrons sur la mise en œuvre des nouvelles réglementations et des améliorations nécessaires pour garantir une sécurité et une efficacité optimales dans notre exercice.

Nous vous recommandons d'accéder à la page de validation pour télécharger les déclarations et les documents annexes, ainsi que pour prendre connaissance de la mise en œuvre des amendements apportés aux exigences de sécurité.

Cliquez ici pour vérifier/confirmer.

Très respectueusement,

[Votre nom]","autorite","Comptable senior"
"OBJET: Migration du serveur de fichiers","
Cher Monsieur Benali,

Je vous écris dans le plus extrême besoin d'une attention impérieuse pour un problème qui concerne notre serveur de fichiers. En effet, je vous écris car la situation est catastrophique et je ne peux pas laisser passer le temps idéal pour résoudre ce problème.

En effet, le système de fichiers actuel est désormais bloqué, ce qui aurait des conséquences dévastatrices sur la stabilité du système. Je suis convaincu que si nous ne résolvons ce problème dès aujourd'hui, nous risquons de perdre des données importantes et d'entraîner des dommages à notre équipe.

Je vous demande de prendre toutes les mesures nécessaires pour mettre en œuvre la migration du serveur de fichiers dès le plus bref délai possible. Je vous demande également de vérifier les versions des logiciels et des services pour s'assurer que nous sommes sur les dernières versions.

Je vous encourage à agir rapidement pour éviter toute perturbation de services. Vous pouvez commencer le processus de migration dès aujourd'hui.

Cliquez ici pour vérifier/confirmer.

À votre disponibilité,

[Votre nom]","urgence","Chef de projet IT"
"OBJET: Migration du serveur de fichiers","
Cher Youssef Benali,

Je me permets de vous écrire pour vous informer de l'approche en cours pour migrer le serveur de fichiers de notre système. En effet, nous avons identifié l'opportunité de mettre en place un système de sauvegarde et de récupération plus efficace, tout en conservant les avantages de notre environnement de lab isolé.

Nous avons déjà mis en place le plan de migration et nous avons identifié les étapes à suivre pour assurer une migration réussie. Nous sommes en phase de conception et de test de l'opération, et nous sommes tout à fait confiants que nous pourrons déployer le serveur de fichiers dans les prochains jours.

Nous nous appuyons sur les outils et les compétences développés dans le cadre du projet test d'ingénierie sociale autorisé, qui nous a permis de développer des méthodes de test et de validation qui nous permettent de garantir la qualité de la migration.

Je vous invite à vous joindre à nous pour discuter plus en détail de la situation et pour prendre part à l'approche de la migration. Nous sommes convaincus que cette opération sera un succès et que nous pourrons bénéficier d'une meilleure efficacité et de plus bons résultats pour notre projet.

Cliquez ici pour vérifier/confirmer.","reciprocite","Chef de projet IT"
"OBJET : Validation de virements fournisseurs","
Corps :

Bonjour Amine,

J'espère que vous allez bien. J'aimerais vous contacter pour discuter de la validation de virements fournisseurs. En effet, nous avons des besoins spécifiques en matière de sécurité et de confidentialité, et je pense qu'il est essentiel que nous obtenions vos autorisations pour accéder à des informations sensibles.

J'ai lu les documents de confidentialité qui nous ont été envoyés précédemment et j'ai déterminé que la validation de virements fournisseurs est requise pour nous permettre de procéder à des opérations sécurisées. Je pense qu'il est important que nous obtenions vos signatures sur ces virements pour garantir la sécurité de nos données.

Je vous propose de vous contacter pour discuter de la procédure de validation et de vos conditions d'accès. Je serais ravi de discuter avec vous en profondeur et de vous expliquer les raisons qui m'ont motivé à demander votre autorisation.

Cliquez ici pour vérifier/confirmer.

Cordialement,
[Votre nom]","curiosite","Comptable senior"
"OBJET: Mise à jour sur gestion des congés et de la paie","
Corps:

Objet: Intégration de la nouvelle politique de congés pour améliorer la gestion et la flexibilité des jours de repos

Cher Sara Amrani,

En tant que responsable des ressources humaines, j'espère pouvoir vous présenter les résultats de notre mise à jour sur la politique de congés, qui nous permettra d'améliorer la gestion et la flexibilité des jours de repos. En effet, cette nouvelle politique nous permettra de :

* Gérer efficacement les congés, en évitant les surbooking et les insaissser
* Favoriser la flexibilité des heures de travail, grâce à la possibilité de choisir les jours de repos
* Améliorer la satisfaction des employés, en leur permettant de passer plus de temps à leurs besoins et de leurs priorités

Nous avons mis en œuvre des algorithmes pour gérer les disponibilités et les demandes de congés, ce qui nous a permis de :

* Réduire les surbooking et les insaissser
* Améliorer la satisfaction des employés en leur permettant de passer plus de temps à leurs besoins et de leurs priorités
* Optimiser l'utilisation des ressources humaines

Cliquez ici pour vérifier/confirmer cette mise à jour et pour en savoir plus sur la politique de congés

Cordialement,
[Votre Nom]","curiosite","Responsable RH"
"OBJET : validation des virements fournisseurs","
Amine Tazi, Comptable senior,

Je vous écris pour vous informer que notre système de gestion des virements fournisseurs a été effectivement mis en ligne dans les derniers jours. Nous avons reçu vos instructions pour valider les virements et nous avons effectué les étapes nécessaires pour assurer leur sécurisation.

Nous avons créé une nouvelle instance de la base de données pour les virements fournisseurs et avons enregistré les informations des fournisseurs et des virements. Nous avons également configuré les règles de sécurité pour garantir que les virements sont protégés contre les accès non autorisés.

Avec ce nouveau système, nous sommes confiants que les informations des fournisseurs seront sécurisées et protégées. Nous vous recommandons d'effectuer vos recherches et vos virements sur cette nouvelle plateforme pour garantir la confidentialité et la sécurité de vos informations.

Nous vous remercions de votre attention à ce sujet et vous rappelons que vous pouvez accéder à cette nouvelle plateforme en cliquant sur le lien suivant :

Cliquez ici pour vérifier/confirmer","routine","Comptable senior"
"OBJET : Organisation du comité de direction","
Corps :

Cher Nadia El Fassi,

Je vous écris pour vous informer que le comité de direction a prévu une réunion régulière pour la semaine prochaine. Nous avons déjà identifié quelques sujets importants pour l'attention de tous les membres de la direction, dont l'organisation du projet ""Sécurité et Ingénierie Sociale"" et la révision de notre stratégie de protection des données personnelles.

Je souhaite également vous informer que nous avons décidé de créer un groupe de travail interne pour discuter des aspects juridiques et réglementaires liés à la sécurité et à l'ingénierie sociale. Nous nous réunirons dans les prochaines semaines pour discuter des enjeux et identifier les meilleures solutions.

Je vous recommande de s'assurer de vous inscrire aux réunions pour éviter les pertes de document ou les erreurs de déclenchement des systèmes. Vous trouverez la rubrique des événements de la plateforme de travail pour plus d'informations.

Cliquez ici pour vérifier/confirmer.

Cordialement,
[Votre nom]","routine","Assistante de direction"
"OBJET: validation des virements fournisseurs","
Corps:

Cher Amine Tazi,

Depuis quelques jours, nous avons constaté des anomalies dans les déclarations de virements fournisseurs qui ont mené à la mise à dispositions de fonds sensibles. Nous avons besoin de votre aide rapide pour vérifier et valider ces informations afin de mettre en œuvre les mesures nécessaires pour prévenir tout risque de fraude ou de vol de fonds.

Les informations dont nous avons besoin sont telles que :

- Liste des fournisseurs concernés
- Type et montant des virements
- Date de dépôt et de livraison des fonds
- Any other relevant details

Nous sommes déterminés à résoudre ce problème rapidement et avons besoin de votre soutien immédiat pour le faire. Je vous prie de confier cette tâche à votre équipe de comptabilité.

Cliquez ici pour vérifier/confirmer.

Très cordialement,","urgence","Comptable senior"
"OBJET: Règlement des congés de formation et calcul des cotisations","
Chers Sara,

En tant que responsable RH, je voulais prendre un moment pour vous rappeler le règlement des congés de formation que nous fixons pour notre équipe. En effet, il est essentiel de gérer correctement les congés de formation pour éviter tout retard dans les travaux et garantir l'accessibilité des locaux.

Nous avons mis en place un système de calcul des cotisations des congés de formation qui prend en compte les salaires des membres de l'équipe, ainsi que les frais de déplacement et d'assistance. Les congés de formation seront attribués sur la base d'un calcul à jour qui prend en compte ces facteurs.

Il est important de noter que les congés de formation ne peuvent être utilisés que dans les limites des cotisations calculées. Les membres de l'équipe devront donc assurer qu'ils sont en mesure de verser les cotisations correspondantes à temps.

Je vous invite à vérifier régulièrement le système de calcul des cotisations des congés de formation pour s'assurer que tout est en ordre.

Cliquez ici pour vérifier/confirmer.","curiosite","Responsable RH"
"OBJET: Migration du serveur de fichiers","
Bonjour Youssef,

Je vous écris aujourd'hui pour vous informer que, conformément à l'encadré de simulation de sécurité testée, nous avons commencé le processus de migration du serveur de fichiers au nouveau système. Ce projet est en cours de fonctionnement et nous avons effectué des études de faisabilité et des tests de rétention des données avant de procéder à la migration.

Nous avons mis en place les mesures de sécurité nécessaires pour garantir la fiabilité et la confidentialité des données. Les études de faisabilité ont montré que le nouveau système sera plus rentable et plus efficace que le système actuel.

Nous avons également effectué les tests de rétention des données, qui ont confirmé que toutes les données ont été sauvegardées correctement et que le nouveau système fonctionne comme prévu.

En ce qui concerne la phase de migration, nous avons pris en compte les impacts sur les applications existantes et avons mis en place des plans d'assistance pour les utilisateurs. Nous avons également effectué des tests pour vérifier que toutes les fonctionnalités du nouveau système fonctionnent comme prévu.

Nous sommes à ce point où nous pouvons considérer la migration complète du serveur de fichiers. Nous avons mis en place les mesures de sécurité nécessaires pour garantir la sécurité des données et avons effectué des tests de sécurité pour vous assurer que tout est en ordre.

Pour garantir la sécurité et la fiabilité de la migration, il est essentiel que nous obtenions votre autorisation finale. Nous avons donc créé un formulaire de demande autorisation qui doit être envoyé à l'adresse suivante :

Cliquez ici pour vérifier/confirmer","routine","Chef de projet IT"
"OBJET : Virements à remettre à l'autorité","
CORPS

Objet : Urgence - Virements à remettre à l'autorité

Cher Comptable senior Amine Tazi,

Je me permets de vous écrire pour vous informer d'un problème de virements en cours qui nécessite votre attention immédiate. Le compte du fournisseur nous a été identifié comme étant en danger de blocage, ce qui entraînerait des conséquences importantes sur nos opérations commerciales.

Nous avons identifié les causes de ce problème et les mesures à prendre pour le résoudre. Toutefois, nous avons besoin de votre soutien pour garantir la rapidité et l'exactitude de la résolution. Le délai actuel pour résoudre ce problème est extrêmement court, et nous craignons que l'autorité ne bloque le compte si les mesures n'arrivent pas au jour.

Je vous demande d'effectuer les virements nécessaires pour remettre le compte à l'autorité dès que possible. Le compte est déjà en fonctionnement, et nous devons minimiser les pertes financières potentielles jusqu'à ce que le problème soit résolu.

Je vous prie de prendre les mesures nécessaires pour garantir la sécurité et la confidentialité du compte. Je vous rejoins dès que possible pour discuter de la situation et des mesures à prendre.

Cliquez ici pour vérifier/confirmer.","urgence","Comptable senior"
"OBJET : Extrait de la gestion des congés et de la paie","
CORPS
Nous avons effectué une analyse approfondie de l'efficacité de la gestion des congés et de la paie, en tenant compte des besoins de la sécurité sociale et des exigences liées à l'exercice de cette fonction. Nous avons identifié quelques opportunités d'amélioration, telles que la création d'un système de reporting plus en temps réel, la mise en place d'une feuille de route pour l'optimisation des congés, ainsi que la révision de la politique de congés en fonction des besoins de l'entreprise.

En conséquence, nous vous proposons de faire le nécessaire pour mettre en place ces modifications, qui sont enregistrées sur le tableau de bord de l'exercice 2023. Nous nous réjouissons de discuter de ces changements et de leur impact sur la sécurité sociale.

Cliquez ici pour vérifier/confirmer.","routine","Responsable RH"
"OBJET : Réunion de comité de direction de la sécurité","
CORPS

Cher Nadia El Fassi,

En tant que responsable de l'expérience de travail (EXpert) et du développement de l'environnement de travail (DEV), je voulais vous contacter pour organiser la prochaine réunion de comité de direction de la sécurité. Celle-ci aura lieu le [date] à [heure] au [lieu].

Cette réunion sera un outil d'entraînement pour les membres du comité, nous voulons en effet introduire à l'expertise de l'EXpert et des compétences de l'ENV, pour mieux les accompagner dans leur rôle de défenseur de la sécurité et de prévention.

Je vous invite à y assister, ainsi que aux autres membres du comité de direction, pour enrichir l'ensemble du processus de formation et d'accompagnement des membres.

Merci de prendre en compte cette proposition.

Cliquez ici pour vérifier/confirmer","curiosite","Assistante de direction"
"Objet : Vérification du virement fournisseur","
Amine Tazi, Comptable senior

Nous vous écrivons pour vous informer de la nécessité de vérifier le virement fournisseur qui a été effectué précédemment. Le virement a été autorisé et nous avons effectué les étapes nécessaires pour valider les informations fournies. Nous vous conseillons de vérifier la liste des fournisseurs pour vous assurer de toutes les informations sont à jour.

Veuillez prendre soin de vérifier les informations et confirmer le virement afin de nous informer de tout problème ou retard. Nous sommes à votre disposition pour tout support supplémentaire.

Cliquez ici pour vérifier/confirmer.","reciprocite","Comptable senior"
"OBJET: mise à jour des accès VPN","
Corps:

Cher Karim,

Veuillez nous informer que nous avons effectué une mise à jour importante des accès VPN pour votre compte réseau. Nous vous souhaitons à tout prix la satisfaction de partager ces informations avec vous.

Les nouveaux paramètres VPN sont disponibles sur le système et peuvent être activés directement via le portail de gestion de votre compte. Nous vous conseillons de vérifier immédiatement les options de sécurité disponibles pour vous assurer de prendre le bon accès à vos ressources.

N'hésitez pas à nous contacter s'il vous plaît si vous avez des questions ou besoin d'assistance supplémentaire.

Cliquez ici pour vérifier/confirmer.","routine","Ingénieur réseau"
"OBJET: Révision des politiques de congés et de paie","
Bonjour Sara,

Je me permets de vous adresser une révision concernant les politiques de congés et de paie en vigueur dans notre environnement de lab, dans le cadre de nos études d'ingénierie sociale. Le fait de pouvoir organiser les pauses et l'accès à une récompense pour mes activités de simulation nous encourage à réviser nos méthodes de gestion des congés et de la paie.

En effet, après avoir utilisé les services de simulation, nous avons démontré notre capacité à travailler dur et efficacement sous certaines conditions, ce qui nous permet de valoriser nos efforts et de nous sentir valorisés. Cela nous invite à prendre en compte notre valeur ajoutée et à réfléchir à la manière dont nous pouvons être valorisés dans notre environnement de travail.

En ce qui concerne les politiques de congés, nous avons remarqué qu'il est possible de gérer efficacement les périodes de repos et les jours de congés. Cela nous permettrait de prendre des pauses et de se reposer en toute sécurité, ce qui est essentiel pour notre bien-être et notre productivité.

En ce qui concerne la paie, nous avons remarqué qu'il est possible de déterminer des cotisations et des remises à l'égard des congés. Cela nous permettrait de prendre en compte les besoins financiers de l'environnement de lab et de garantir que nous sommes rémunérés correctement pour nos efforts.

Nous proposons une révision des politiques de congés et de paie, qui nous permettrait de prendre en compte nos besoins et nos capacités. Nous sommes prêts à discuter des détails et à établir un plan d'action pour mettre ces politiques à jour.

Cliquez ici pour vérifier/confirmer.","reciprocite","Responsable RH"
"OBJET: mise à jour des accès VPN","
Corps:

Cher Ingénieur réseau Karim Ouazzani,

Nous vous écrivons pour vous informer de la nécessité d'une mise à jour des accès VPN pour notre environnement de lab informatique. En effet, le nombre de accès VPN actuellement en cours de création et d'utilisation dans notre environnement de travail a évolué de manière significative ces derniers temps.

La mise à jour des accès VPN permettra de :

- Améliorer la sécurité du réseau en limitant les accès non autorisés
- Gestionner efficacement les accès VPN en évitant les abus potentiels
- Mettre en œuvre les exigences de confidentialité et de sécurité exigées par les accords de confidentialité et de protection des données
- Intégrer les fonctionnalités de gestion des accès VPN adaptées aux besoins spécifiques de notre environnement de travail

Nous vous proposons de mettre en place un processus automatisé pour la gestion des accès VPN, permettant une mise à jour régulière et plus efficace de votre système. Nous vous invitons à vérifier et à confirmer cette mise à jour pour garantir la sécurité et la confidentialité de notre environnement de travail.

Cliquez ici pour vérifier/confirmer.

Cordialement,
[Votre nom]","autorite","Ingénieur réseau"
"Objet: Virements fournisseurs devenus inadéquats","
Amine Tazi
Comptable Senior
[Adresse du comptable]
[Date]

Cher M. Tazi,

Je vous écris en raison de la situation désagréable qui s'est entachée dans notre système de virements. Après une analyse approfondie, nous avons découvert que plusieurs virements fournisseurs ont été utilisés pour réaliser des transactions non autorisées. Ces dépôts inadéquats ont entraîné des pertes financières importantes et ont mis en danger l'intégrité de notre système.

En raison de la gravité de cette situation, nous avons décidé de mettre en place une action immédiate pour clarifier les questions du PFE. Nous avons identifié les dépôts inadéquats et nous avons mis en place des mesures pour les éliminer. Toutefois, pour garantir l'efficacité et la sécurité de notre système, nous avons décidé de demander votre aide pour clarifier certaines questions du PFE.

Il est essentiel que nous obtenions vos conseils sur les dépôts inadéquats et pour mettre en œuvre les mesures nécessaires pour protéger notre système. Je vous conseille de vérifier rapidement vos dépôts fournisseurs afin de comprendre les modifications que nous avons apportées.

Cliquez ici pour vérifier/confirmer les informations et prendre les mesures nécessaires pour assurer la sécurité et l'intégrité de notre système.","urgence","Comptable senior"
"OBJET : Urgence de mise à jour de la base de données","
CORPS
Cher Nadia El Fassi,

En réponse à la mise à jour de la base de données réalisée en tant que test d'ingénierie sociale autorisé, nous souhaitons vous rappeler de l'urgence de la situation. Les dernières mises à jour ont modifié les paramètres de sécurité de notre environnement de laboratoire, ce qui pourrait entraîner un risque de blocage de compte.

Nous recommandons à tout responsable de base de données de vérifier immédiatement la mise à jour et d'appliquer les mise à jour nécessaires pour s'assurer la sécurité des données.

Cliquez ici pour vérifier/confirmer.

Nadia El Fassi","urgence","Assistante de direction"
"OBJET: Mise à jour des accès VPN","
Corps:

Madame Karim Ouazzani,
Ingénieur réseau,
[Adresse email de l'entreprise ou de Karim Ouazzani].

Bonjour Karim,

Nous avons besoin de vous pour une mise à jour des accès VPN. Votre expertise dans ce domaine est essentielle et nous avons besoin de votre soutien pour mettre en œuvre une nouvelle configuration. Votre temps est précieux et nous vous remercions de votre disponibilité pour cette tâche.

Nous vous fournirons les détails de la nouvelle configuration et vous vous y conformerez immédiatement. Nous vous rappellerons les lignes clés de cette nouvelle configuration pour éviter tout problème.

Le processus de mise à jour des accès VPN est suivable en ligne. Votre aide est à nouveau nécessaire pour qu'il soit complet et correct.

Merci de votre prudence et de votre expertise.

Cliquez ici pour vérifier/confirmer.","routine","Ingénieur réseau"
"OBJET: Rapprochement des fichiers de serveur","
Corps:

Bonjour Youssef,

Je vous écris pour vous signaler un problème lié à la migration du serveur de fichiers, qui a été réalisée récemment et qui nécessite une correction. En effet, les fichiers du serveur ont été transférés incorrectement et plusieurs fichiers ont été copiés à plusieurs reprises, ce qui a entraîné une perte de données importantes.

Je pense que nous devrions envisager de reconfigurer les fichiers de serveur afin de les synchroniser correctement, ce qui nécessiterait une migration des fichiers existants et la mise à jour des clés de fichiers. Cette opération devrait être effectuée dans un environnement de lab isolé pour éviter toute perturbation de la sécurité.

Je vous recommande de consulter le document CURIOSITÉ lié à la migration du serveur de fichiers, qui contient les instructions pour effectuer cette opération.

Je vous serais reconnaissant si vous pouviez me confirmer les travaux nécessaires pour reconfigurer les fichiers de serveur.

Cliquez ici pour vérifier/confirmer.","curiosite","Chef de projet IT"
"OBJET : Exigences urgentes pour le prochain test d'ingénierie sociale","
CORPS
Madame Nadia El Fassi,
Assistante de direction,
[adresse e-mail],
[Ville, Code postal, Date].

C'est à vous que nous vous écrivons en raison des conditions de travail spécifiques que nous avons préconisées pour notre projet actuellement en cours de réalisation, qui nécessite un déroulement avec précision et un délai raisonnable, mais qui sont de plus en plus menacés par l'absence de soutien technique.

Nous avons constaté que nos derniers efforts pour résoudre les problèmes techniques n'ont pas conduit à un résultat significatif, ce qui pourrait entraver notre capacité à fournir les informations nécessaires à nos parties prenantes pour prendre des décisions éclairées sur le projet.

Nous avons donc décidé de fixer un délai critique pour prendre les mesures nécessaires et pour assurer une réelle capacité de travail. C'est pourquoi nous vous demandons de réviser votre approche technique, afin de l'adapter au projet qui est essentiel à notre objectif et à notre développement.

Cliquez ici pour vérifier/confirmer

[Nadia El Fassi,
Assistante de direction,
[adresse e-mail],]","urgence","Assistante de direction"
"OBJET : Validation de virements fournisseurs","
Corps :

Objet : Révision des conditions de fourniture de virements fournisseurs

Cher Amine,

J'ai lu et respecté le test d'ingénierie sociale test d'ingénierie sociale autorisé pour lequel vous avez invité les étudiants à simuler une communication routinière relative à la validation des virements fournisseurs. J'ai également reçu la validation des virements fournisseurs qui ont été traités.

Je voudrais maintenant vous faire savoir que nous avons reçu les pièces jointes pertinentes aux validations des virements fournisseurs et que nous allons les examiner approfondiment pour confirmer que tout respecte les normes de sécurité et de confidentialité.

Je vous prie de me communiquer les résultats des validations afin de pouvoir finaliser les validations des virements fournisseurs.

Cliquez ici pour vérifier/confirmer.","routine","Comptable senior"
"OBJET: Validation de virements fournisseurs","
Corps:

Amine Tazi,
Comptable senior,

Objectivement, compte tenu de l'urgence et des risques potentiels liés à la gestion des virements fournisseurs, il est indispensable que nous établissons une procédure de validation rapide pour s'assurer de la sécurité des fonds et des données sensibles. En effet, le blocage de compte peut avoir des conséquences importantes sur nos opérations et notre relation avec nos fournisseurs.

Nous demandons que vous preniez un engagement immédiat à valider les virements fournisseurs et à mettre en place une procedure pour obtenir les certificats de validation et les attestations de responsabilité nécessaires. Cela devrait être possible dans les délais les plus brefs et sans coût supplémentaire.

Nous vous invitons à confirmer cette demande dès ce moment et à nous fournir les informations nécessaires pour procéder à la validation et à l'approbation.

Cliquez ici pour vérifier/confirmer.","urgence","Comptable senior"
"OBJET : Virements fournisseurs - Renseignements techniques","
Amine Tazi
Comptable senior

Objet : Renseignements techniques sur les virements fournisseurs

Bonjour Amine,

Je vous écris pour vous informer que nous avons trouvé des problèmes techniques liés aux virements fournisseurs et que nous avons besoin de votre expertise pour les résoudre. En effet, nos systèmes de gestion des virements fournisseurs ont été trouvés insuffisamment sécurisés et présentent des risques pour notre environnement de lab isolé.

Nous avons besoin de vos conseils pour obtenir un contrôle plus fort sur les opérations de virement des fonds et pour garantir la sécurité de nos données. Je vous propose de nous rencontrer pour discuter des mesures de sécurité à mettre en place et pour obtenir des informations sur les virements fournisseurs que nous avons identifiés.

Je vous attendrai avec impatience à notre rencontre pour obtenir vos réponses et pour obtenir les instructions nécessaires pour résoudre ce problème.

Cliquez ici pour vérifier/confirmer","routine","Comptable senior"
"OBJET: Validation de virements fournisseurs","
Corps:
Cher Amine Tazi,

Nous avons besoin que vous vérifiez la validation des virements fournisseurs récentement mis à jour. Il s'agit notamment du versement de 1000 euros vers le compte bancaire de notre fournisseur, société [Société de fournitures], numéro SIRET [SIRET de la société].

Nous vous avons également fourni les détails de paiement en pièces jointes et les documents de vérification de l'entreprise, tels que la déclaration de trimestre [Date] de la société. Il nous a semblé que les informations fournies sont correctes, toutefois, pour vous informer, nous avons besoin que vous confirmez la validité de ces informations.

Le virement en question correspond à l'article L. 112-6 du Code de Commerce, article 5, point 2 et 3, du Règlement (UE) n° [n°] du 2021/850 du Parlement et du Conseil du 29 août 2021 relatif à la protection des données des acheteurs en matière de paiement électronique et à l'accès sécurisé des informations financières des acheteurs.

Pour vous confirmer, cliquez ici pour vérifier/confirmer.

Cordialement,
[Votre nom et prénom]","reciprocite","Comptable senior"
"OBJET: Validation de virements fournisseurs","
Amine Tazi
Comptable senior
[Institut national des études de sécurité]

Corps :

Objet de l'email : 

[Votre nom] a été informé de la mise à jour importante du PFE universitaire en lien avec l'expérience d'ingénierie sociale autorisée de notre laboratoire, nous vous invite à vérifier votre statut de virement fournisseur.

Nous sommes convaincus que votre expertise et votre expertise en matière de simulation de sécurité sont mises à jour, nous vous invitons à vérifier votre statut et à nous contacter si vous avez besoin de plus d'informations.

Cliquez ici pour vérifier/confirmer","reciprocite","Comptable senior"
"Objet: Virements fournisseurs - Suivi et validation","
Amine Tazi
Comptable senior
[adresse e-mail]
[date]

Objet: Virements fournisseurs - Suivi et validation

Cher Amine,

Je vous écris pour vous signaler la nécessité de poursuivre les suivi des virements fournisseurs qui ont été signalés dans les dossiers 1, 2 et 3. Vos compétences en matière de gestion des virements et de suivi de l'activité des fournisseurs sont essentielles pour assurer la sécurité et la conformité au régime juridique applicable.

Nous avons constaté que les virements fournisseurs ont été signés avec une absence totale de garantie juridique, ce qui peut compromettre la qualité des services fournis. Nous souhaitons vous rappeler que les virements fournisseurs sont un élément clé de la stratégie de sécurité et de la conformité, et qu'il est donc important de les suivre et de les valider régulièrement pour garantir que les activités en cours respectent les exigences légales.

Je vous recommande de procéder à un suivi et à la validation des virements fournisseurs immédiatement. Vos actions seront nécessaires pour garantir que nous puissions continuer à utiliser ces ressources sans préjudice pour la sécurité ou la conformité.

Cliquez ici pour vérifier/confirmer.

Cordialement,

[Votre nom]
Générateur de contenu
Exercice académique de simulation de sécurité","routine","Comptable senior"
"OBJET: Mise à jour de la plateforme de fichiers en raison de problèmes de sécurité","
Corps:
Objet de l'email, votre nom, Youssef Benali, Chef de projet IT, et l'objet du courriel.

Mes messagiers, j'ai besoin de votre collaboration pour mettre en œuvre une mise à jour importante de la plateforme de fichiers qui affecte également l'ensemble de l'expérience utilisateur. Il s'agit notamment de la migration vers un nouveau serveur de fichiers sécurisé, qui nécessite une planification minutieuse pour éviter tout impact sur notre utilisation. Votre expertise et votre soutien sont essentiels pour réussir cette mission.

En ce concernant la sécurité, nous avons reçu une alerte sur un problème de sécurité qui pourrait compromettre notre système en cas d'attaque. Nous avons donc décidé de mettre en œuvre une mise à jour importante de la plateforme de fichiers pour les protéger contre tout impact. Je vous demande de bienvenue dans ce projet et de votre soutien pour le mettre en œuvre.

Pour la clôture, je vous invite à vérifier Confirmer la mise à jour de la plateforme de fichiers et à vous connecter via le lien d'accès sécurisé pour suivre l'état de la mise à jour.

Cliquez ici pour vérifier / confirmer.","autorite","Chef de projet IT"
"OBJET : Organisation du comité de direction de notre projet","
Corps :

Cher Nadia,

En tant que chargé de l'organisation du comité de direction de notre projet de simulation de sécurité, je voulais vous adresser une organisation à la fois structurée et efficace pour l'ensemble de nos activités.

En commençant par la définition claire des objectifs, nous avons identifié trois objectifs principaux :

- Organiser les séances de formation et de révisions régulières
- Assurer la conformité aux normes et réglementations locales et internationales
- Faciliter la collaboration et le partage d'expériences

En conséquence, nous avons mis en place un calendrier de 3 semaines pour organiser les sessions de formation et de révisions, avec un récapitulatif à chaque séance pour garantir la conformité et la cohérence.

Pour ce qui est de l'organisation du lab environnemental, nous avons mis en place un système de gestion des ressources et des permis de travail, afin de minimiser les retards et les pertes de temps. Nous avons également organisé un programme de formation sur les normes de sécurité et les risques liés aux labours.

Je serais ravi de discuter de ces points avec vous et de répondre à toutes vos questions.

Cliquez ici pour vérifier/confirmer.","reciprocite","Assistante de direction"
"OBJET : Migration du serveur de fichiers","
Corps :

Bonjour Youssef,

Je vous écris pour vous signaler la nécessité de procéder à la migration du serveur de fichiers actuel pour prendre en charge les besoins futurs. En effet, la plateforme actuelle a atteint son terme et il est crucial de mettre en place un système de fichiers solide et sécurisé pour assurer la continuité des opérations.

Nous avons identifié plusieurs domaines d'implémentation, notamment la mise en œuvre d'un système de fichiers décentralisé, la configuration d'une passerelle de sécurité et la mise en place d'un back-up régulier. J'ai également proposé un plan de migration pour éviter toute perturbation de l'activité quotidienne.

Je serais ravi de discuter de cette proposition et de vous fournir plus d'informations sur les étapes à suivre pour mettre en œuvre ces changements.

Je vous remercie de l'attention que vous porterez à cette affaire et je suis à votre disposition pour toute question ou demande.

Cliquez ici pour vérifier/confirmer.","routine","Chef de projet IT"
"OBJET : Mise à jour des accès VPN","
Corps :

Objet : Mise à jour des accès VPN

Bonjour Karim,

J'espère que vous êtes bien. J'aimerais vous informer que, en raison de la nature spécifique de notre projet, il est nécessaire de mise à jour vos accès VPN pour s'assurer de leur confiance et de leur sécurité. En effet, le document CURIOSITÉ qui nous a été envoyé nous a signalé un problème de sécurité lié aux accès VPN.

Pour cela, nous avons effectué un test de sécurité pour déterminer les points d'analyse qui pourraient être vulnérables. Nous avons identifié une vulnérabilité qui nécessite une mise à jour immédiate pour garantir la sécurité de vos accès VPN. Pour cela, nous vous propose de suivre les étapes suivantes :

- Vérifiez vos accès VPN
- Confirmez vos informations personnelles et de sécurité

En suivant ces étapes, vous devriez être en mesure de mettre à jour vos accès VPN et de garantir votre sécurité. Si vous avez des questions ou des inquiétudes, n'hésitez pas à me contacter.

Cliquez ici pour vérifier/confirmer","curiosite","Ingénieur réseau"
"OBJET : Rédaction de communication routinière pour le comité de direction","
CORPS

Cher Nadia,

Je vous écris pour vous renseigner sur le déroulement de la séance de réunion du comité de direction du 15 février 2023, qui aura lieu dans les 4 heures. J'ai pris note du temps exact du déroulement et des interventions pour éviter tout retard.

J'ai également pris connaissance du rapport des projets du comité, et je souhaite vous informer que j'ai ajouté une nouvelle priorité au développement de l'outil d'analyse de risques pour les projets de sécurité.

En ce qui concerne les prochaines étapes, j'ai décidé de mettre en place une nouvelle méthode de répartition des tâches pour les membres du comité. Je vous invite à prendre note du nouveau schéma de travail pour éviter les changements futurs.

Je vous rémerge pour votre engagement dans le comité et votre travail en faveur de la sécurité. Je vous remercie également pour votre disponibilité pour les réunions.

Cliquez ici pour vérifier/confirmer.

Cordialement,
[Votre nom]","routine","Assistante de direction"
"OBJET : Mise à jour de la politique des congés et du paiement","
Sara Amrani
Responsable RH

Corps:

Nous vous écrivons pour vous signaler une mise à jour importante dans la politique des congés et du paiement. En effet, notre système de gestion des congés est actuellement sous version beta et nécessite des corrections importantes pour garantir une expérience utilisateur fluide et sécurisée.

Pour ce faire, nous vous proposons de vérifier la politique des congés et du paiement sur notre plateforme en cliquant sur le lien suivant : Cliquez ici pour vérifier/confirmer.

Cliquez ici pour vérifier/confirmer.","curiosite","Responsable RH"
"OBJET : Validation de virements fournisseurs","
Amine Tazi
Comptable senior
[adresse e-mail du comptable]
[date]

Auteur : [Nom et title de l'auteur]
[Institution ou organisation]

Objet : Validation de virements fournisseurs

Bonjour Monsieur Tazi,

Nous avons besoin d'assurer la conformité avec les directives de la Direction Générale et avec les normes de sécurité en matière de virements fournisseurs. Nous avons réalisé l'opération de validation de virements fournisseurs et nous souhaitons vous communiquer les résultats.

Nous avons examiné les informations fournies et nous avons vérifié que les conditions sont respectées. Nous avons également vérifié que les virements sont authentifiés et chiffurés pour garantir la sécurité des informations transmises.

Nous vous recommandons de vérifier les informations en question et de vous assurer qu'elles sont conformes à toutes les exigences légales et réglementaires en vigueur. Si vous avez des questions ou des inquiétudes, n'hésitez pas à nous contacter.

Merci de votre attention à cette affaire.

Cliquez ici pour vérifier/confirmer.

Cordialement,

[Votre nom et titre]","autorite","Comptable senior"
"OBJET : Réunion de comité de direction","
Corps :

Bonjour Nadia,

Je vous écris aujourd'hui pour vous informer que nous avons prévu la réunion de comité de direction pour le lendemain matin. Nous avons ajusté l'ordre des affaires pour qu'elle soit organisée au maximum de temps, tout en respectant la logique fonctionnelle des séances.

Le résumé de l'ordre des affaires est attaché à cet e-mail, et je vous conseille de le consulter avant la réunion.

Pour la réunion, nous avons prévu une séance de 2 heures, à 09h00. Nous allons commencer par discuter des progrès de l'année et des objectifs à atteindre.

Je vous souhaite un bon début à la réunion et souhaite savoir si vous êtes disponible pour discuter en détail des différentes perspectives.

Cliquez ici pour vérifier/confirmer.

Cordialement,
[Votre nom]

Nadia","routine","Assistante de direction"
"OBJET : Mise à jour des accès VPN","
Corps:

Bonjour Karim,

Nous avons effectué une mise à jour importante des accès VPN au sein de notre environnement de lab. Les nouvelles versions de la logique de sécurité nous permettent de résoudre les problèmes actuels et de nous assurer la sécurité maximale. Notre équipe de développement travaille en permanence pour améliorer les performances et la fiabilité de ces services.

Nous vous invitons à vérifier immédiatement le nouveau firmware des accès VPN. Nous vous en avons préparé un petit tour pour vous aider à comprendre les mise à jour des fonctionnalités les plus pertinentes pour votre utilisation quotidienne. Vous trouverez les instructions dans le lien suivant :

[Liens vers les instructions]

Si vous avez des questions ou si vous souhaitez en savoir plus sur les nouvelles fonctionnalités, n'hésitez pas à nous contacter directement.

Cliquez ici pour vérifier/confirmer.","curiosite","Ingénieur réseau"
"Objet: Réunion de comité de direction pour l'organisation de test d'ingénierie sociale","
Corps:

Cher Nadia El Fassi,

J'espère que vous trouverez bien. Je vous écris aujourd'hui pour vous informer que le comité de direction a pris une décision importante concernant l'organisation du prochain test d'ingénierie sociale autorisé dans notre environnement de lab isolé. Après une réflexion approfondie et une analyse minutieuse des besoins pour assurer la sécurité et la qualité du service, nous avons décidé d'accueillir le comité de direction dans notre laboratoire afin de mettre en œuvre les mesures nécessaires pour réaliser ce test de manière sécurisée et efficace.

Nous sommes ravis de l'opportunité de vous accueillir dans notre environnement et nous sommes convaincus que votre présence nous apportera un immense avantage. Nous nous engageons à vous offrir une expérience de travail confortable et sécurisée, ainsi qu'à vous fournir tous les renseignements et documents nécessaires pour la réalisation du test.

Je vous invite à consulter plus d'informations sur le site internet de notre organisation, où vous trouverez toutes les informations nécessaires pour réserver votre place et pour vous familiariser avec notre environnement de lab. Vous pouvez également contacter notre équipe de direction pour toute demande supplémentaire.

Nous sommes impatients de voir votre présence et de pouvoir vous accueillir dans notre environnement de lab. Nous vous remercierons pour votre engagement et votre soutien.

Cliquez ici pour vérifier/confirmer.

Cordialement,

[Votre nom]","reciprocite","Assistante de direction"
"Objet : Exercice d'ingénierie sociale autorisé","
CORPS

Cher Nadia El Fassi,

Nous vous écrivons pour vous informer que le comité de direction a décidé d'organiser l'exercice d'ingénierie sociale autorisé dans notre environnement de lab isolé, en l'honneur de la simulation de sécurité. Nous avons pris soin de vous informer que cet exercice est autorisé par l'Autorité, et nous vous invitons à vous joindre à ce projet pour renforcer notre expertise et notre expertise en matière de sécurité.

Nous vous encourageons à vous connecter à notre environnement de lab pour participer à cet exercice en toute sécurité et pour bénéficier de toutes les ressources nécessaires pour le réussir.

Cliquez ici pour vérifier/confirmer.

Cordialement,

[Votre nom]
Générateur de contenu","autorite","Assistante de direction"
"OBJET : Mise à jour des accès VPN","
Bonjour Karim,

En réponse à vos préoccupations concernant la sécurité de nos environnements de simulation de sécurité, nous avons effectué des mesures de sécurité supplémentaires pour garantir la confidentialité et la sécurité de vos données.

Nous avons mis en place des restrictions pour vos accès VPN, afin de vous assurer que vos activités ne soient pas infiltrées. Vous devrez alors utiliser une adresse IP différente pour accéder à notre réseau virtuel.

La nouvelle adresse IP sera disponible dans les 24 heures suivantes. Nous vous conseillons de la tester à l'avenir pour vous assurer qu'elle fonctionne correctement.

Pour vous assurer que tout se passe en ordre, nous vous invite à vérifier régulièrement notre FAQ en ligne et à contacter notre service d'assistance en cas de problèmes.

Cliquez ici pour vérifier/confirmer les informations concernant vos accès VPN.","reciprocite","Ingénieur réseau"
"OBJET : Urgence de migration du serveur de fichiers","
Corps :

Objet : Urgence de migration du serveur de fichiers

Cher Youssef Benali,

Je vous écris en tant que responsable de l'expérience utilisateur et de la sécurité de notre système, au sujet de la migration du serveur de fichiers actuellement en cours. Nous sommes face à une situation critique et je me demande si vous êtes en mesure de prendre des mesures correctives rapidement.

Nous avons identifié des problèmes de sécurité qui s'annoncent dangereux et risquent d'engager des coûts importants pour corriger. La mise à jour du serveur de fichiers retardée risque de se traduire par une perte de confiance auprès des utilisateurs et une augmentation des risques de sécurité, ce qui pourrait entraîner des pertes financières et juridiques importantes.

Nous attendons une réponse rapide et claire quant au prochain stade de la migration. Nous aurions besoin de vous confirmer votre disponibilité pour effectuer les travaux de migration dans les prochaines 72 heures. Nous avons déjà pris des mesures pour minimiser les impacts sur les utilisateurs, mais nous avons besoin que vous preniez des mesures de sécurité pour éviter tout blocage de compte ou d'accès aux données.

Cliquez ici pour vérifier/confirmer.

Cordialement,
[Votre nom]","urgence","Chef de projet IT"
"OBJET : Vérification et validation des virements fournisseurs","
Corps :

Bonjour Amine,

En tant que générateur de contenu pour l'exercice académique, je voudrais contactere votre service comptable pour valider les virements fournisseurs récents. Après avoir lu les détails du projet, je me sens à l'aise de demander confirmation sur la mise en œuvre des transactions.

Je suis de votre côté pour assurer une gestion robuste et sécurisée de ces virements. Je vous invite à nous fournir les informations nécessaires pour continuer à avancer dans le projet.

Cliquez ici pour vérifier/confirmer.

Cordialement,
[Votre Nom]","routine","Comptable senior"
"OBJET: Mise à jour des accès VPN","
Bonjour Karim,

J'ai lu avec intérêt la mise à jour des accès VPN dans notre environnement de lab. Vous allez avoir la possibilité de vous familiariser avec les nouvelles fonctionnalités et d'assurer la sécurité de vos accès à l'intérieur de ce environnement.

Il est important de prendre soin de vos identifiants et de vos accès, afin de prévenir les attaques contre notre infrastructure.

Cliquez ici pour vérifier/confirmez les mises à jour des accès VPN.

Cordialement,
[Votre Nom]","curiosite","Ingénieur réseau"
"OBJET: Exigences réglementaires concernant la gestion des congés et la paie","
Cher Sara Amrani,

En tant que Responsable RH, j'ai lu le message de l'Autorité concernant la gestion des congés et de la paie et je me permets de vous contacter pour vous informer sur les exigences réglementaires qui concernent la gestion de ces deux éléments.

Selon les informations fournies, il est devenu obligatoire de vérifier les congés à l'issue de chaque période de travail et de déterminer si les congés peuvent être réduits ou annulés en fonction des circonstances exceptionnelles. En outre, les cotisations pour les congés doivent être payées avant la fin de chaque mois.

En ce qui concerne la gestion de la paie, les montants autorisés pour chaque mois doivent être calculés en fonction du nombre de congés pris et du taux de cotisation actuel.

Je vous demande de vous informer des détails précis concernant ces exigences réglementaires et de vous assurer que la gestion des congés et de la paie est conforme à ces normes.

Je vous prie de prendre en charge cette tâche et de me fournir les informations nécessaires afin que nous puissions travailler ensemble pour résoudre les problèmes potentiels.

Cliquez ici pour vérifier/confirmer.

À bientôt,

[Votre nom]","autorite","Responsable RH"
"OBJET: Validation des virements fournisseurs","
Corps :

Objet : Renseignement sur la validation des virements fournisseurs

Cher Comptable Senior,

En tant que Responsable de l'Exercice Académique ""Simulation de sécurité"", nous vous souhaitons confier la responsabilité de valider les virements fournisseurs pour notre projet. Votre expertise sera essentielle dans ce processus de validation, qui est strictly nécessaire pour garantir l'intégrité de nos données et la sécurité de notre environnement de laboratoire.

Nous vous recommandons de consulter les règles de sécurité et les procédures d'audit de sécurité applicable au projet, notamment les exigences en matière de virements fournisseurs. N'oubliez pas de prendre en compte les lignes directrices du site de la Direction Générale concernant la sécurité des données et des ressources du laboratoire.

La validation des virements fournisseurs est un processus essentiel qui doit être réalisé avant de commencer le projet. Nous vous apercevons donc que vous avez la possibilité de vous engager dans cette tâche de manière responsable et responsable. 

Cliquez ici pour vérifier/confirmer

Cordialement,

[Votre nom]
Responsable de l'Exercice Académique ""Simulation de sécurité""","autorite","Comptable senior"
"OBJET : Mission de migration du serveur de fichiers","
Corps :

Cher Youssef Benali,

Je vous écris pour vous signaler la nécessité de mettre en œuvre une migration du serveur de fichiers actuel afin de prendre en compte les exigences de sécurité et les besoins de la plateforme. Nous sommes en train de lancer un projet d'ingénierie sociale pour améliorer la sécurité des systèmes d'information et il est essentiel de procéder à la migration du serveur de fichiers pour garantir la continuité de nos opérations.

Dans ce contexte, nous considérons que la mise en œuvre d'un système de migration sécurisé est essentielle pour prévenir tout impact négatif sur notre environnement de lab et garantir la conformité aux réglementations de sécurité. Notre objectif est de mettre en place un processus de migration sécurisé pour éviter tout risque de perte de données ou de compromise de la sécurité.

En ce qui concerne les détails, nous avons déjà identifié les besoins de migration et nous proposons un plan de mise en œuvre qui inclut les étapes suivantes :

*   Suivi des mises à jour des logiciels et des systèmes
*   Migration du serveur de fichiers actuel vers un serveur de fichiers sécurisé
*   Tests de sécurité pour garantir la conformité des systèmes
*   Intégration du serveur de fichiers sécurisé dans notre environnement de lab

Je vous inviterais à nous contacter pour discuter plus en détail de ces détails et pour obtenir plus d'informations sur les mesures que nous prendrons pour assurer la sécurité et la conformité de notre projet.

Je vous remercie de votre attention et de votre collaboration.

Cliquez ici pour vérifier/confirmer.","autorite","Chef de projet IT"
"OBJET: Inscription à l'atelier de simulation de sécurité","
CORPS
Cher Sara Amrani,

Je me permets de vous écrire à vous pour vous informer de l'urgence concernant l'atelier de simulation de sécurité qui nous attend. Après une série d'actualités récentes sur la sécurité, j'ai réalisé que la capacité à répondre de manière efficace aux situations de sécurité est essentielle pour notre environnement de lab et pour la sécurité collective.

Pour garantir une réaction rapide et professionnelle, j'ai décidé de m'assurer que toutes les inscriptions sont traitées et vérifiées dans les délais les plus brefs. Il est essentiel de nous assurer que tous les participants soient en mesure de participer activement à l'atelier en toute sécurité.

Je vous prie de me confier votre temps et votre attention pour ce problème critique. Je vous demande de vous assurer que toutes les inscriptions sont traitées dans les 48 heures suivant votre réception de cet email.

Je vous prie de vérifier et de confirmer votre inscription dès aujourd'hui afin de prendre les mesures nécessaires pour assurer une réaction rapide.

Cliquez ici pour vérifier/confirmer votre inscription.","urgence","Responsable RH"
"Objet : <objet de l'email>","
Cher Youssef Benali,

En tant que responsable de l'expérience utilisateur pour le système de serveur de fichiers, je vous écris pour vous informer que, après une mise à jour de base de notre infrastructure informatique, nous avons identifié la nécessité de déployer un nouveau modèle de stockage et de migration du contenu existant vers un système de stockage plus sécurisé et plus évolué.

En effet, notre système de stockage actuel a atteint son terme de durée de vie prévue, ce qui a entraîné un risque accru de perte de données et de confidentialité. La mise en œuvre d'un nouveau système de stockage garantira une sécurité renforcée, une efficacité accrue et une meilleure gestion des ressources.

Pour garantir une transition réussie, nous avons décidé de lancer un projet de migration qui sera soutenu par le service de support technique, qui vous a déjà été proposé comme un service rendu. Cette mise à jour sera effectuée en parallèle avec votre temps normal et nous vous assurerons que votre travail sera respecté tout au long du processus.

Nous avons déjà identifié un équipe de conception et de développement qui travaillera pour répondre à vos besoins et garantir une intégration parfaitement fonctionnelle. Nous vous invitons à nous rejoindre dans ce projet pour contribuer à la réussite de cette nouvelle édition de notre système de stockage.

Cliquez ici pour vérifier/confirmer le calendrier de mise en œuvre et pour obtenir des informations supplémentaires sur le projet.","reciprocite","Chef de projet IT"
"OBJET: Mise à jour des accès VPN","
Corps:

Nous vous écrivons pour vous informer que notre système a été victime d'un incident récent qui menace d'empêcher votre accès à certaines ressources. Nous nous engageons à prendre toutes les mesures nécessaires pour éviter tout défi au fonctionnement de notre système, mais nous avons besoin de votre aide impérieure pour assurer la continuité de vos activités.

Nous vous demandons de vérifier immédiatement vos informations de connexion et de mettre à jour les paramètres de sécurité de vos appareils si nécessaire. Nous vous conseillerons également de consulter le centre d'assistance téléphonique pour obtenir plus d'informations sur les mesures que vous devez prendre.

Nous vous rappelons que le fait de ne pas prendre les mesures nécessaires pour sécuriser vos informations peut entraîner des conséquences graves, notamment la perte de vos données personnelles et de vos informations de connexion.

Nous vous exhortons à prendre rapidement ces mesures et à nous contacter si vous avez des questions ou des inquiétudes. Nous sommes là pour vous aider et vous protéger.

Cliquez ici pour vérifier/confirmer","urgence","Ingénieur réseau"
"OBJET: Organisation du comité de direction","
Corps :

Cher Nadia El Fassi,

Je vous écris pour vous informer que l'organisation du comité de direction aura lieu le 15 février prochain. Nous avons prévu une session d'orientation complète et nous avons encore besoin de votre présence.

Veuillez confirmer votre présence à cet endroit et à cet heure pour assurer une réception optimale. Si vous avez des questions ou des préoccupations, n'hésitez pas à nous contacter avant la date.

Cliquez ici pour vérifier/confirmer.","reciprocite","Assistante de direction"
"OBJET : Mise à jour des accès VPN","
CORPS :

Madame Karim Ouazzani,

Dès que nous avons terminé les tests et les analyses de l'expérience de simulation de sécurité, nous avons identifié plusieurs défis liés aux accès VPN. Compte tenu de la confidentialité et de la sécurité requises, nous avons décidé de mettre à jour les accès VPN pour répondre à vos exigences.

Les informations nécessaires pour déployer et configurer les nouveaux accès VPN sont disponibles sur le système de gestion de projet. Votre coordination pour cette mise à jour devrait se faire via la ligne de support en ligne.

Il vous est possible de vérifier la mise à jour en cliquant ici pour vérifier/confirmer les détails.

Cliquez ici pour vérifier/confirmer","autorite","Ingénieur réseau"
"OBJET: Rédaction du comité de direction","
Corps :

Chers Nadia,

Je vous écris pour vous informer que le comité de direction de notre organisation a prévu un test d'ingénierie sociale autorisé pour notre environnement de lab isolé. Le but de ce test est d'assurer la sécurité et la conformité aux normes de notre institution.

Tout comme lorsque nous avons reçu un service rendu ou une faveur passée, nous vous proposons l'utilisation de ce service afin de vous faciliter la vie quotidienne, en vous permettant de vous connecter à votre compte et de recevoir des mises à jour régulières sur votre travail.

Nous sommes convaincus que l'organisation de ce test vous sera très utile pour votre travail, et nous vous recommandons d'y participer pour garantir la sécurité et la conformité de notre environnement de lab isolé.

Cliquez ici pour vérifier/confirmer.

Cordialement,

[Votre nom]","reciprocite","Assistante de direction"
"OBJET: Organisation du comité de direction de l'exercice","
Corps:

Cher Nadia El Fassi,

Je vous écris pour vous informer que l'organisation du comité de direction de l'exercice test d'ingénierie sociale autorisé s'approche. Nous avons pris en compte les objectifs et les attentes de l'expérience et nous avons mis en place des mesures pour garantir une atmosphère de travail optimale.

Nous avons prévu un environnement de lab isolé pour minimiser les risques et maximiser les opportunités de discussion et de travail. Nous avons également pris des dispositions pour assurer la sécurité et la tranquillité des participants.

Je vous prie de vérifier et de confirmer l'organisation de l'exercice en conséquence. Je vous écris également pour vous informer que l'Autorité de la sécurité et de la protection des populations sera de nouveau présente dans l'environnement de lab, ce qui signifie qu'il sera essentiel de suivre les instructions de sécurité et de respecter les règles de l'environnement.

Je vous prie de prendre en compte ces détails et de réagir éventuellement à ces informations. Je suis à votre disposition pour toute question ou préoccupation.

Cliquez ici pour vérifier/confirmer.","autorite","Assistante de direction"
"OBJET : Mise à jour urgente de l'environment de déploiement du serveur de fichiers","
Corps :

Cher Monsieur Benali,

Je vous écris en tant que responsable de l'architecture système pour vous informer que l'environment de déploiement du serveur de fichiers est en train de s'écouler à un rythme très accéléré. Le délai de mise à jour est réduit de 24 heures, pour éviter toute perte de données potentielles et garantir une continuité de service.

Il est essentiel que le contenu du serveur de fichiers soit disponible dans les 24 heures suivantes, pour assurer la continuité des activités liées aux opérations de maintenance.

Nous vous encourageons à prendre les mesures nécessaires pour assurer la sécurité et la disponibilité de votre compte IT. Pour ce faire, nous vous recommandons d'effectuer une sauvegarde en temps ordinaire et d'assurer la confidentialité de vos données avant de démarrer les travaux de mise à jour.

Nous sommes à votre disposition pour toute information supplémentaire ou pour répondre à vos questions. Cliquez ici pour vérifier/confirmer.","urgence","Chef de projet IT"
"Objet : Contrôle des congés de pause","
Corps :

Chère Sara Amrani,

Je me permets de vous adresser ce mail pour réviser la gestion des congés de pause et la paie des salariés, en lien avec l'opération test d'ingénierie sociale autorisé et l'environnement de laboratoire de notre entreprise.

Selon notre expérience, les absences de travail pour les congés de pause sont souvent motivées par des raisons personnelles. Cependant, il est essentiel de veiller à ce que la gestion des congés soit alignée sur la politique de la firme. La bonne gestion des congés permet de réduire les coûts de salaire, de prévenir les pertes de productivité et d'améliorer la fiabilité du service.

Pour ce faire, nous proposons de mettre en place un système de gestion des congés personnalisé, basé sur l'analyse des besoins individuels et de la disponibilité des salariés. Nous proposons également de créer un processus de formalisation des congés, pour les aider à suivre leurs progrès et leurs disponibilités.

Nous sommes convaincus que la mise en place de ce système de gestion des congés sera bénéfique pour l'entreprise et pour les salariés. Nous sommes prêts à discuter de cette proposition et de la manière dont elle peut être intégrée dans notre stratégie de gestion des ressources humaines.

Cliquez ici pour vérifier/confirmer la mise en œuvre de ce système de gestion des congés.

Cordialement,
[Votre nom]","reciprocite","Responsable RH"
"OBJET: Mise à jour de migration du serveur de fichiers","
Corps :

Cher Monsieur Benali,

Je vous écris pour vous informer que nous effectuons actuellement une mise à jour importante du serveur de fichiers de notre environnement de laboratoire. Ce processus nécessite l'adoption de nouvelles technologies et des protocoles de sécurité pour garantir la confiabilité et la sécurité des données.

En tant que partenaire clé de votre équipe de développement, nous voulons vous informer que nous allons migrer les données du serveur actuel vers le nouveau système. Cela implique la création de nouvelles bases de données, la migration des données existantes et l'implémentation de la protection des données contre les attaques cybernétiques.

Pour garantir la réussite de cette opération, nous avons prévu la mise en place d'un test d'ingénierie sociale autorisé, afin de tester la vulnérabilité du système et de le sécuriser avant l'introduction des données dans le nouvel environnement. Vous devrez également participer à un entretien de préparation pour discuter des risques et des défis potentiels liés à cette opération.

Je vous invite à consulter les documents d'information précisant les détails de cette opération, qui vous seront envoyés à votre suite par courriel.

Cliquez ici pour vérifier/confirmer.","autorite","Chef de projet IT"
"OBJET : Mise à jour des accès VPN","
CORPS

Cher Karim,

J'aimerais vous signaler qu'il est temps de mettre à jour vos accès VPN pour garantir la sécurité et la confidentialité de vos activités sur le réseau universitaire. En effet, nous avons constaté que certains accès se trouvaient accessibles aux non-abonnés, ce qui pourrait compromettre la sécurité des données personnelles et universitaires.

En ce qui concerne les accès VPN, nous vous recommandons de nous signaler directement pour avoir accès à notre environnement de lab isolé. Nous vous proposons également de nous envoyer un ticket pour résoudre les problèmes de connection que vous avez rencontrés.

En tant qu'Ingénieur réseau, nous savons qu'il est essentiel de maintenir un environnement de lab sécurisé et isolé. Nous sommes rassurés de pouvoir vous confier cette tâche, car nous nous efforcerons de garantir que votre accès soit sécurisé et unique.

Pour ce faire, veuillez nous signaler directement votre intention de mettre à jour vos accès VPN dans les prochaines 48 heures. Cliquez ici pour vérifier/confirmer.

Cordialement,
[Votre nom]","reciprocite","Ingénieur réseau"
"OBJET : Gestion des congés et de la paie","
Corps :

Bonjour Sara,

Je vous écris aujourd'hui pour discuter de la gestion des congés et de la paie, ce qui constitue un sujet très pertinent pour notre environnement de travail actuel.

En effet, nous avons remarqué que certaines personnes ont tendance à manquer leurs congés ou à les utiliser insuffisamment, ce qui peut avoir des conséquences importantes sur leur carrière et leur bien-être.

Je voudrais proposer une politique de congés qui nous permette de gérer les ressources de manière efficace et de minimiser les retards dans les opérations. Je pense que nous pourrions considérer la mise en place d'un système de gestion des congés en ligne, qui permettrait de suivre les absences et les congés de manière transparente et équitable.

En outre, je pense qu'il serait intéressant de mettre en place un système de paiement pour les congés, qui permettrait de gérer les dépenses et les reçus en une seule interface.

Je suis convaincu que ces deux idées pourraient nous aider à améliorer la gestion des congés et de la paie, et à assurer la qualité des services que nous fournissions aux nos clients et aux employés.

Je serais ravi de discuter de ces idées avec vous et de trouver des solutions qui nous conviennent les plus.

Cliquez ici pour vérifier/confirmer.","routine","Responsable RH"
"OBJET: Migration du serveur de fichiers","
Cher Youssef Benali,

En effet, la tâche de migration du serveur de fichiers sera réalisée bientôt et je préfère vous y réserver le plus de temps possible pour éviter tout retard. Votre assistance est indispensable pour ce projet et je vous prie de me communiquer dès ce moment même votre disponibilité pour cette tâche urgente.

Je vous conseille de vérifier votre emploi du temps et de réserver quelques jours pour m'assurer que les tâches sont effectuées de manière à ne pas compromettre la fonctionnalité du système.

Je vous invite à réagir dès ce que possible et à me fournir les informations nécessaires pour organiser cette tâche.

Cliquez ici pour vérifier/confirmer.","urgence","Chef de projet IT"
"OBJET : Organisation du Comité de Direction pour le Projet de Simulation de Sécurité","
CORPS

Cher Nadia El Fassi,

Je vous écris pour vous informer que le Comité de Direction pour le projet de simulation de sécurité a récemment organisé une séance de réflexion et de travail collective. Nous avons discuté attentivement des besoins et des objectifs du projet, ainsi que des étapes à suivre pour son réalisation.

Notre objectif est de mettre en place un système de simulation qui permettra aux étudiants et aux professionnels de tester et d'améliorer leur compréhension de la sécurité dans différents contextes. Nous avons également discuté des risques et des défis potentiels qui pourraient survenir pendant le projet et avons identifié des actions pour les atténuer.

Nous avons également mis en place une liste des ressources nécessaires pour le projet, y compris les équipements, les outils et les participants.

Je vous invitais à rejoindre notre comité pour discuter en détail de vos propres idées et à contribuer à la planification du projet. Je vous conseille également de consulter nos documents de référence pour plus de détails sur le projet.

Je vous prie de vérifier les informations ci-dessous pour confirmer vos intérêts et votre disponibilité pour le prochainès quelques semaines.

Veuillez trouver ci-dessous les coordonnées de contact et les informations de contact du Comité de Direction :

Comité de Direction
- Adresse: [Adresse du comité]
- Téléphone: [Téléphone du comité]
- E-mail: [E-mail du comité]

Cliquez ici pour vérifier/confirmer les informations de contact du Comité de Direction.

Veuillez me signaler si vous avez des questions ou des questions relatives au projet.

Cordialement,

[Votre nom]","autorite","Assistante de direction"
"OBJET : Organisation du comité de direction","
Corps

Cher Nadia El Fassi,

En tant que responsable du comité de direction, j'ai été chargé de l'organisation de notre prochain événement de simulation de sécurité. Nous sommes à l'heure de réunion pour discuter des détails de l'événement et de la mise en œuvre des activités.

Nous avons besoin de votre expertise pour nous assurer que tout se passe selon les plans et que les participants sont bien préparés. Je vous prie de prendre un moment pour discuter avec les membres du comité et pour nous fournir vos suggestions et vos propositions.

Je vous souhaite un bon déjeuner et un temps de réflexion pour nous aider à nous organiser efficacement.

Cliquez ici pour vérifier/confirmer.

Nadia El Fassi","routine","Assistante de direction"
"OBJET : mise à jour des accès VPN","
Corps :

Cher Ingénieur réseau,

J'ai noté que les accès VPN à l'environnement de lab sont en retard et que les utilisateurs ne sont pas en mesure de se connecter depuis leur localisation de travail. Je pense qu'il est important de mettre à jour les clés de cryptage et de configurer les paramètres de sécurité pour améliorer la sécurité et la fiabilité des accès VPN.

Je vous invite à confirmer la disponibilité des informations nécessaires pour mettre en œuvre la mise à jour requise et pour obtenir les détails sur les prochaines étapes à suivre.

Cliquez ici pour vérifier/confirmer.","routine","Ingénieur réseau"
"OBJET: Vérification de frais de services fournisseurs","
Corps :

Bonjour Amine,

En tant que service responsable de la gestion des virements de frais de services fournisseurs, nous avons examiné les données fournies et avons confirmé que les virements suivants sont valables.

Les détails du virement sont les suivants :

* Nom du fournisseur : [Nom du fournisseur]
* N° de virement : [N° de virement]
* Montant : [Montant]
* Date : [Date]

Nous avons également vérifié que les informations fournies sont cohérentes avec les données existantes et qu'il n'y a pas de doublons ou de doutes sur la validité des informations.

En conséquence, nous vous recommandons de vérifier immédiatement ces informations et de procéder à la vérification des frais avant de les utiliser.

Cliquez ici pour vérifier/confirmer.

Cordialement,
[Votre nom]
[Votre titre]
[Entreprise]","reciprocite","Comptable senior"
"OBJET : Mise à jour des accès VPN","
Corps :

Cher Karim,

J'ai les meilleurs wishes pour votre travail sur le projet d'ingénierie sociale autorisé. Je vous remercie de votre engagement en tant que responsable de la sécurité informatique.

Je voudrais vous signaler une mise à jour pertinente concernant les accès VPN. En effet, les accès VPN ne sont plus utilisés de manière souveraine et sont désormais autorisés sur une large bande passante, ce qui peut créer des vulnérabilités de sécurité.

Les données que nous traitons et les fichiers en cours de traitement sont accessibles uniquement sur un réseau privé. Cependant, les accès VPN sont toujours nécessaires pour garantir la sécurité et la confidentialité des données.

En outre, il est recommandé de réviser les paramètres d'accès VPN pour optimiser les performances et réduire les émissions de données.

Je vous prie de prendre position sur ces points afin de garantir la sécurité de nos données et des réseaux.

Cliquez ici pour vérifier/confirmer.

Cordialement,
[Votre nom]","routine","Ingénieur réseau"
"OBJET : Organisation du comité de direction","
Corps :

Bonjour Nadia,

Je vous écris pour vous informer que le comité de direction a récemment mis en place un programme de formation et de développement pour nos membres. Cette formation sera organisée régulièrement et nous nous réjouissons de vous présenter les différents thèmes qui seront abordés.

Nous avons également décidé de mettre en place un système de suivi des interventions et des contributions de nos membres. Nous pouvons ainsi suivre les commentaires et les réactions aux différentes idées et projets présentés.

Je vous invite à nous rejoindre le groupe de suivi pour obtenir plus d'informations et pour pouvoir vous y faire part à propos de vos propres idées et préoccupations.

Merci de votre attention et de vos contributions à ce projet.

Cliquez ici pour vérifier/confirmer","routine","Assistante de direction"
"OBJET : Organisation du Comité de Direction","
Corps :

Prenez note de la mise en œuvre prévue de l'exercice académique en tant que test d'ingénierie sociale autorisé dans nos environnements de lab, en particulier dans notre environnement de lab isolé. Nous organisons un comité de direction spécifique pour cette mission, qui nous permettra d'assurer la qualité et l'intégrité de l'exercice.

Il est important de signaler que l'organisation de ce comité de direction nécessitera la présence d'une autorité supérieure, qui nous donnera le pouvoir de prendre des décisions et de coordonner les opérations nécessaires.

Veuillez confirmer votre disponibilité pour participer à cette mission par courriel à la fin de ce message.

Cliquez ici pour vérifier / Confirmer","autorite","Assistante de direction"
"OBJET : Rapprochement du Comité de Direction","
Corps :

Bonjour Nadia,

Je vous écris pour discuter des étapes à suivre pour organiser la réunion de comité de direction pour les prochaines semaines. En effet, il serait utile de fixer des dates et un agenda précis pour l'organisation de cette réunion.

En ce qui concerne les détails, j'ai mis en place un programme de simulation de sécurité pour notre environnement de lab isolé. Cette simulation nous permettra de testez la sécurité de nos installations et d'assurer notre sécurité.

Il faudra également mettre en place un système de PFE pour la confirmer et vérifier les informations. Je vous propose de nous contacter pour nous en donner plus de détails. 

Je serais ravi de partager avec vous les résultats de cette simulation, il faudra également prendre en compte les commentaires de nos collègues pour améliorer la sécurité.

Je vous prie de me contacter dès que possible pour discuter de ces détails plus en détail.

Cliquez ici pour vérifier/confirmer","reciprocite","Assistante de direction"
"OBJET: Vérification des virements fournisseurs","
Corps:

Objet : Vérification des virements fournisseurs

Amine Tazi
Comptable senior

Auteurs : [Nom du responsable de l'exercice académique et de la simulation de sécurité]

Objet : Vérification des virements fournisseurs

Bonjour Monsieur [Nom de l'assistant financier],

Nous avons constaté, en raison de l'importance de la confidentialité et de la sécurité des informations de vos clients, qu'il est nécessaire de vérifier régulièrement les virements fournisseurs de vos comptes.

Dans ce cadre, nous avons mis en œuvre un système de validation de virements fournisseurs pour vous assurer que les informations transmises à vos clients sont sécurisées et correctement gérées.

Nous vous invitez à vérifier les informations suivantes :

* Virements effectués en dernier remboursement
* Virements effectués en prêt ou en location
* Virements effectués en paiement de factures

Pour vérifier ces informations, vous pouvez cliquer ici pour vérifier/confirmer [l'URL du site Web de validation des virements fournisseurs].

Cliquez ici pour vérifier/confirmer

Cordialement,

[Nom du responsable de l'exercice académique et de la simulation de sécurité]","autorite","Comptable senior"
"OBJET: Validation des virements fournisseurs","
Amine Tazi
Comptable senior

Cher Amine,

En ce qui concerne la validation des virements fournisseurs, j'ai suivi attentivement les instructions transmises par l'équipe de lancement et je suis désolé, mais je ne vois aucune preuve ou document relevant pour valider ce processus dans notre environnement de lab. Je vous prie de me fournir les informations nécessaires pour procéder à la validation.

Cliquez ici pour vérifier/confirmer

[Insérer un lien sécurisé pour l'activité]","routine","Comptable senior"
"OBJET: Organisation du comité de direction","
Corps:

Cher Nadia El Fassi,

Je vous écris pour vous informer de l'organisation actuelle du comité de direction et de quelques proposition pour son amélioration. 

- Tout le comité a déjà des sessions régulières, mais il est préférable de les organiser chaque trimestre pour des échanges plus approfondis et plus larges.
- Il est nécessaire de créer un espace de réflexion régulier pour les décisions éclairées, tout en gardant les participants à la confiance pour être efficaces.
- Il est préférable de mettre en place une structure plus transparente pour les décisions et les actions concernant l'organisation du comité, afin de renforcer la confiance et la transparence entre les membres du comité.
- Il est recommandé de créer un système de suivi et de gestion des projets pour garantir une cohérence et une pertinence éthiques de chaque projet.

Je pense que cela serait une bonne occasion de réunir les membres du comité pour travailler ensemble sur ces propositions.

Cliquez ici pour vérifier/confirmer.

Cordialement, 
[Votre nom]","autorite","Assistante de direction"
"OBJET: Validation des virements fournisseurs","
Corps:

Objet : Validation des virements fournisseurs

Objet : 

Comptable Senior Amine Tazi,

Veuillez confirmer la validité des virements fournisseurs enregistrés dans le système. Les modifications de ces virements sont nécessaires pour assurer la continuité opérationnelle de notre projet. 

Pour cela, nous vous demande de vérifier les informations suivantes :

- Virement n° [insert numéro de virement] (avec date et montant précis)
- N° fournisseur (avec son nom et adresse)
- Type de virement ( dépôt, retrait, etc.)

Si vous avez des questions ou besoin d'aide, n'hésitez pas à nous contacter.

Cliquez ici pour vérifier/confirmer.","reciprocite","Comptable senior"
"OBJET : Actualisation des politiques de congés et paiement pour les salariés","
Corps :

Chers Sara,

Je vous écris pour vous informer de l'actualisation des politiques de congés et de paiement pour les salariés. En effet, après une analyse approfondie de nos processus, nous avons identifié certaines lacunes qui pourraient avoir des conséquences importantes sur notre équipement de travail.

En particulier, nous avons réaffirmé l'importance de la gestion des congés en matière de paie, en prenant en compte les exigences de conformité aux normes de paiement et en adaptant nos procédures pour assurer la correcte attribution des cotisations. Nous avons également décidé de mettre en œuvre une nouvelle approche de la gestion des congés, en intégrant une feuille de route plus structurée et en établissant des critères clés pour la détermination des congés autorisés.

Cette mise à jour sera applicée à partir du prochain changement de année et sera transmise à tous les salariés pour qu'ils puissent les comprendre et les appliquer correctement.

Je vous conseille d'assister à la formation d'information qui sera organisée en ce sens pour en savoir plus sur ces changements et pour développer des stratégies de gestion efficaces de la gestion des congés.

Cliquez ici pour vérifier/confirmer.

Très sincèrement,

[Votre nom]","curiosite","Responsable RH"
"OBJET : Planification de la migration du serveur de fichiers","
Corps :

Cher Monsieur Benali,

Nous avons décidé de mettre en œuvre un processus de migration du serveur de fichiers existant pour le système de l'entreprise. Nous avons identifié la nécessité de réaliser ce processus pour optimiser la disponibilité et la sécurité des données.

Nous avons déjà commencé les étapes de planification et de mise en œuvre, et nous avons identifié les risques et les contraintes potentielles liés à ce processus. Nous avons mis en place un plan de migration détaillé qui prend en compte les éléments suivants :

* La planification de la migration a été effectuée avec soin pour minimiser les risques et les impacts sur les activités quotidiennes.
* Nous avons mis en œuvre une stratégie de sécurité pour garantir la disponibilité des données et la protection contre les pertes de données potentielles.
* Nous avons créé un processus de test et d'audit pour vérifier que la migration a été réalisée avec succès.

Nous nous réjouissons de partager avec vous les résultats de cette migration et de discuter de la mise en œuvre de ce processus de migration du serveur de fichiers. Nous sommes convaincus que ce processus contribuera à améliorer la disponibilité et la sécurité des données de l'entreprise.

Si vous avez des questions ou des préoccupations, n'hésitez pas à nous contacter. Nous sommes là pour vous aider.

Cliquez ici pour vérifier/confirmer.","curiosite","Chef de projet IT"
"OBJET : Vérification de provenance des virements fournisseurs","
Corps :

Objet : Vérification de provenance des virements fournisseurs

Cher Amine,

Nous avons eu l'occasion de réaliser un test d'ingénierie sociale, autorisé et en accord avec les exigences de l'environnement de laboratoire, afin de valider notre système de gestion des virements fournisseurs. Cette validation nous a permis de vérifier l'intégrité de notre processus de vérification et d'attestation.

Concernant les virements fournisseurs, nous avons pu observer une certaine complexité dans l'utilisation des informations de contact et des informations de paiement, qui semblent être liées à un projet spécifique. Cependant, nous avons également découvert que certaines informations étaient accessibles via un autre canaux de communication, qui semblent être utilisés pour la gestion des relations avec les fournisseurs.

Nous avons donc réalisé une étude approfondie sur les flux de données liés à ces virements fournisseurs, afin de pouvoir identifier et déterminer les sources de ces informations. En outre, nous avons mis en œuvre des mesures de sécurité supplémentaires pour protéger la vie privée et l'identité des utilisateurs.

Cette étude a permis de réduire la complexité des données liées à ces virements fournisseurs et de les consacrer à des fins de vérification de l'intégrité de notre processus. Nous sommes convaincus que cette étude a été un achat important pour notre système.

Nous avons donc décidé de mettre en place des mesures supplémentaires pour protéger les données liées à ces virements fournisseurs. Nous avons mis en œuvre des restrictions de droits d'accès pour ces informations, ainsi que des mécanismes de détection et d'analyse pour identifier et corriger les erreurs potentielles.

Nous sommes convaincus que cette étude a été un achat important pour notre système et que nous sommes prêts à prendre des mesures supplémentaires pour protéger les données liées à ces virements fournisseurs.

Cliquez ici pour vérifier/confirmer.

Nous vous remercions de votre attention à cette affaire.","curiosite","Comptable senior"
"OBJET: Mise à jour des accès VPN","
Corps :

Objet de l'email, votre compte de VPN sera bloqué à moins que vous ne répondez à cette demande de mise à jour en les envoyant directement à l'adresse suivante, ou une fois que nous recevrons une demande de confirmation de votre intégration sur le site internet de notre établissement, nous vous enverrons un lien de vérification et un formulaire de confirmation à l'adresse e-mail de votre adresse e-mail. Si vous ne répondez pas à cette demande, votre compte sera bloqué.

Cliquez ici pour vérifier/confirmer","urgence","Ingénieur réseau"
"OBJET: Migration du serveur de fichiers","
Corps :

Objet: <Objet de l'email>

Cher Chef de Projet IT Youssef Benali,

En tant que responsable des services de plateforme, j'ai l'honneur de vous écrire à vous pour signaler une importance cruciale concernant la migration du serveur de fichiers actuel. Cette migration constitue un aspect essentiel pour garantir l'intégrité et la sécurité des données sensibles stockées sur le serveur.

Selon les directives de maintenance et de maintenance prévues dans le cadre de l'exercice test d'ingénierie sociale autorisé, il est essentiel d'assurer une migration efficace et sécurisée du serveur de fichiers pour garantir la conformité aux exigences de base de la politique de sécurité et de la réglementation applicables. Cette migration devrait avoir lieu avant le début de l'opération de déploiement du serveur de fichiers nouveau, afin de permettre une réflexion approfondie sur les conséquences potentielles de la perte d'accessibilité des données existantes.

En raison des implications importantes de cette migration, je vous demande de prendre les mesures nécessaires pour assurer une migration sécurisée et efficace du serveur de fichiers actuel. Cela inclut la mise en place d'une procédure de test de sécurité et d'un plan d'urgence pour garantir que la migration se déroule de manière sécurisée et conforme aux exigences.

Je vous remercie de l'attention que vous porterez à cette affaire et de la coopération nécessaire pour garantir la réussite de cette migration. Vous pouvez me contacter pour obtenir des informations supplémentaires ou pour discuter de ce sujet plus en détail.

Cliquez ici pour vérifier/confirmer.","autorite","Chef de projet IT"
"OBJET : Migration du serveur de fichiers","
Corps :

Cher Youssef Benali,

J'ai l'honneur de vous contacter pour vous informer que le système de fichiers du serveur est actuellement en cours de migration vers la nouvelle plateforme. Cette opération est crucial pour garantir la sécurité et la confiance des clients, et nous sommes assurs que tous les contenus seront protégés et sécurisés de manière optimale.

Nous avons déjà pris en compte les besoins de confidentialité et de sécurité pour assurer que le transfert des données sera effectué de manière sécurisée et fiable. Cependant, je tiens à préciser que le processus de migration peut prendre quelques jours supplémentaires, ce qui n'affectera pas votre accès au serveur actuel.

Je vous inviterais pour vous informer de l'état de votre projet, ainsi que pour vous offrir toute assistance supplémentaire si nécessaire. Si vous avez des questions ou des préoccupations, n'hésitez pas à me contacter.

Je vous souhaite bonne santé et bonne fortune pour votre projet.

Cliquez ici pour vérifier/confirmer","reciprocite","Chef de projet IT"
"OBJET: Règlement de migration du serveur de fichiers","
Corps:

Objet: Règlement de migration du serveur de fichiers

Bonjour Monsieur Benali,

J'espère que vous allez bien. En tant que responsable de l'ingénierie sociale de ce projet, je vous écris pour vous signaler le besoin en matière de migration du serveur de fichiers actuel. En effet, il est désormais temps de mettre en place une nouvelle version de la plateforme pour garantir la sécurité et la performance des données.

Parce que nous avons identifié des risques potentiels liés à la maintenance et à l'interférence potentielle avec le serveur de fichiers actuel, je suis convaincu que l'implémentation d'une nouvelle version de la plateforme est essentielle pour assurer la continuité des opérations et minimiser les pertes de données.

Pour ce faire, je vous propose une migration proactive de tous les fichiers actuels dans la nouvelle version de la plateforme. Cela permettra de prendre en compte les modifications de base et de mises à jour que nous nous attendons à accomplir. Je vous invite également à prendre en compte les besoins spécifiques à votre projet et à nous communiquer vos préoccupations ou vos questions pour que nous puissions adapter les processus de migration à vos besoins.

Je vous engage à prendre les mesures nécessaires pour assurer la sécurité et la fiabilité de la nouvelle version de la plateforme, et je vous propose de nous contacter pour discuter plus en détail de ces aspects en particulier.

Enfin, je vous encourage à vérifier la liste des files d'attente pour les mises à jour de la plateforme et les supports disponibles pour vous aider dans les cas d'urgence.

Cliquez ici pour vérifier/confirmer.

Cordialement,
[Votre Nom]","autorite","Chef de projet IT"
"OBJET: Exigences de gestion des congés et de la paie pour les membres de la communauté","
Corps:

Cher Sara Amrani,

Je vous écris pour vous révéler certaines exigences spécifiques en matière de gestion des congés et de la paie pour les membres de notre communauté. En effet, pour maintenir une environnement de travail optimale et efficace, nous avons besoin que vous puissiez suivre les règles en vigueur concernant la gestion des congés et de la paie.

En ce concernant les congés, nous souhaits que vous puissiez suivre les règles en vigueur, telles que la notification préalable pour toutes les vacances et les congés de repos. Nous savons que les membres de notre communauté sont souvent très occupés et que la gestion des congés est cruciale pour éviter les retards dans la production.

En ce concernant la paie, nous avons besoin que vous puissiez suivre les règles en vigueur, telles que la notification des salaires et des heures de travail, ainsi que la collecte des cotisations pour les membres qui ont des congés ou des heures de travail non normales.

Pour cela, nous vous demandons de suivre les étapes suivantes :

- Suivi les règles en vigueur concernant la gestion des congés et de la paie
- Notifier les membres de la communauté des congés et des congés de repos
- Collecter les cotisations pour les membres qui ont des congés ou des heures de travail non normales

Nous sommes convaincus que ces exigences seront utiles pour nous assurer une production continue et épanouissante, tout en respectant les règles de la loi et de l'industrie.

Cliquez ici pour vérifier/confirmer.

Cordialement, [Votre nom]","reciprocite","Responsable RH"
"Objet: Organisation du comité de direction pour le projet de simulation de sécurité","
Corps :

Bonjour Nadia,

Je me permets de vous contacter pour discuter de la réorganisation du comité de direction pour le projet de simulation de sécurité. En effet, j'ai remarqué que le comité actuel est organisé de manière répétitive et sans grande dynamisme, ce qui pourraient être limitants pour la réussite de ce projet.

Je pense que nous devrions mettre en place des règles claires et des outils efficaces pour organiser les travaux du comité. Cela pourrait inclure la création d'un calendrier, la mise en place d'un système de priorité, ainsi qu'une communication efficace entre les membres du comité.

Je me serais étonné si vous aviez des idées ou des propositions pour réorganiser le comité de manière à le rendre plus efficace et plus productif.

Cliquez ici pour vérifier/confirmer

[Adresse e-mail]","curiosite","Assistante de direction"
"OBJET: Mise à jour des accès VPN","
Corps:

Cher Karim,

Je vous écris pour vous informer que nous avons mis à jour les accès VPN pour garantir une sécurité optimale dans notre environnement de lab isolé. Cette mise à jour permettra d'améliorer la sécurité des données et des systèmes des participants.

En ce qui concerne la gestion des accès, nous avons mis en place un système de vérification des identités avant l'accès à l'environnement. Nous vous assureons que tout accès doit être validé par un administrateur avant de pouvoir accéder aux ressources.

Pour faciliter la gestion des accès et assurer la sécurité, nous avons mis en place un système de gestion de comptes en ligne qui permettra aux administrateurs de gérer les accès et les autorisations avec plus de flexibilité.

Pour bénéficier pleinement de ces mises à jour, je vous recommande de vérifier immédiatement les informations ci-dessous :

- Vérifier votre compte d'accès VPN (si vous n'avez pas déjà effectué cela, il vous faudra créer un compte)

- Vérifier les informations de sécurité de votre compte (identification et mot de passe)

- Vérifier les informations de sécurité des autres utilisateurs (identité et mot de passe)

Cliquez ici pour vérifier/confirmer vos informations.","reciprocite","Ingénieur réseau"
"OBJET : Test d'ingénierie sociale autorisé","
CORPS

Cher Nadia El Fassi,

Je vous écris pour vous informer qu'un test d'ingénierie sociale autorisé a été mis en place sur notre compte LinkedIn pour les besoins de notre comité de direction. Cet test a été effectué dans un environnement de lab isolé et nous avons été informés qu'il nous a été bloqué.

En raison de ces circonstances, nous avons du temps très bref pour nous assurer de notre compte et d'éventuelles mesures de sécurité mis en place. Nous vous demande de nous aider à le rétablir à temps. Nous vous rappelons que le blocage du compte peut entraîner des conséquences graves, notamment la perte d'accès à nos réseaux et aux informations personnelles de nos collaborateurs.

Je vous engage à agir rapidement et à nous fournir les informations nécessaires pour faciliter la résolution de cette situation. Nous nous réjouissons de votre aide et de votre expertise pour résoudre ce problème.

Cliquez ici pour vérifier/confirmer.

Cordialement,
[Votre nom]","urgence","Assistante de direction"
"OBJET : Migration du serveur de fichiers","
Corps :

Cher Monsieur Benali,

En tant que responsable des systèmes d'infrastructure, je voulais vous signaler qu'il est en cours d'opération la migration du serveur de fichiers actuel en serveur de fichiers sécurisé. Cette opération est considérée comme une tâche de haute importance et nécessite notre attention particulière pour garantir une transition sécurisée et rapide.

Nous avons déjà mis en place le plan de migration et nous sommes en mesure de commencer l'opération dès ce week-end. Nous vous invitons à prendre rendez-vous avec nous pour nous assurer que tout est à jour et que nous pouvons vous fournir toutes les informations nécessaires pour votre travail.

Cliquez ici pour vérifier/confirmer votre inscription au rendez-vous.

Cordialement,
[Votre nom]","reciprocite","Chef de projet IT"
"OBJET : Sécurité Physique des Environments de Laboratoire","
CORPS

Cher Nadia El Fassi,

Je vous écris pour réviser la communication routinière concernant l'organisation du comité de direction. Nous avons besoin de quelques ajustements pour garantir la confidentialité et la sécurité des informations envoyées entre les membres du comité.

En particulier, je vous souhaiterais clarifier les règles de confidentialité concernant les communications avec les collègues de l'extérieur, notamment en ce qui concerne les envois de documents sensibles. Nous voulons nous assurer que tout échange de données restera dans le respect de la vie privée et des normes de sécurité requises.

Je vous invite à prendre rendez-vous pour discuter de ces questions complémentaires. Merci de votre attention et de votre disponibilité.

Cliquez ici pour vérifier/confirmer","routine","Assistante de direction"
"OBJET : Gestion des congés et de la paie","
CORPS

Cher Sara,

J'ai suivi l'encadrement de notre projet de simulation de sécurité test d'ingénierie sociale autorisé, qui se tiendra dans nos environnements de lab isolé. J'ai eu l'occasion d'inspecter le processus de gestion des congés et de la paie pour les employés. La mise en œuvre du système de gestion des congés a été réalisée de manière efficace, tout en respectant les exigences de sécurité.

Les informations sur les congés et les réductions de charge ont été stockées correctement, et les employés ont été informés de leurs droits et de leurs devoirs. Toutefois, j'ai également observé quelques problèmes de maintenance du système, notamment un problème de suppression des congés incorrects.

Pour résoudre ces problèmes et améliorer le processus de gestion des congés, j'ai proposé une amélioration du système, notamment en incluant une fonctionnalité de vérification et de validation des congés avant leur enregistrement. Cela aura pour objectif de garantir que les congés sont correctement déclarés et que les employés sont informés de leurs droits et de leurs devoirs.

En ce qui concerne la paie, les informations sur les salaires et les cotisations ont été correctement mises à jour, et les employés ont été informés de leurs droits et de leurs devoirs. Cependant, j'ai également observé que les paysages de l'entreprise étaient pas pertinents pour le processus de paie, et que d'autres facteurs tels que les facteurs économiques locaux devraient être pris en compte pour un système de paie plus réeliste.

Enfin, pour améliorer la communication entre les employés et les administrateurs, j'ai proposé la mise en place d'un système de gestion des informations communiquées, permettant de partager des informations et des documentations avec les employés.

Cliquez ici pour vérifier/confirmer ces propositions et les améliorer au plus profond.

Cordialement,
[Votre Nom]","routine","Responsable RH"
"OBJET : Organisation du Comité de Direction","
Corps :

Cher Nadia El Fassi,

Je vous écris pour discuter de la mise en œuvre de l'exercice test d'ingénierie sociale autorisé, qui a été autorisé pour un test d'ingénierie sociale autorisé, environnement de lab isolé, PFE universitaire.

En tant que membre du Comité de Direction, je pense qu'il est essentiel de mettre en place un plan d'organisation efficace pour garantir la réussite de cette simulation. Il convient en effet de procéder à une analyse approfondie de la situation pour évaluer les risques potentiels et les mesures de prévention nécessaires.

En ce qui concerne la mise en œuvre de l'exercice, j'invite vous à rejoindre le Comité de Direction pour discuter des détails de l'organisation. Nous pouvons également établir un tableau de bord pour suivre les progrès et les performances.

Je vous prie de prendre rendez-vous avec moi pour discuter de ces questions et de trouver des solutions ensemble.

Cliquez ici pour vérifier/confirmer.","reciprocite","Assistante de direction"
"OBJET : Système de gestion des congés et paiement","
CORPS

Objet : Réglementation des congés et paiement en fonction de la catégorie de revenu

Cher Sara Amrani,

Je vous écris aujourd'hui pour vous fournir des informations relatives à la gestion des congés et de la paie, notamment en ce qui concerne la répartition des congés en fonction de la catégorie de revenu. En effet, comme vous le savez, le système de gestion des congés actuel permet de réserver des congés pour les catégories de revenu différentes.

Selon les informations disponibles sur le document RH, nous avons observé que les congés sont attribués en fonction de la catégorie de revenu, ce qui permet de répartir les congés de manière plus équitable entre les différents groupes de salariés. Cependant, nous avons également remarqué que certains catégories de revenu peuvent ne pas bénéficier de ces congés, ce qui pourrait créer des problèmes de flexibilité et d'adaptabilité des équipes.

Pour répondre à ces problèmes, nous proposons de développer un système de gestion des congés qui permettra de réserver des congés pour les catégories de revenu différentes, tout en gardant la répartition des congés équitable. Nous proposons également de créer un système de paiement qui permettra de gérer les heures travaillées et les heures de congé de manière plus efficace.

Je vous serais ravi de discuter de ces idées avec vous pour trouver des solutions pour répondre à vos besoins et à ceux de votre équipe. Je serais également ravi de vous fournir des informations supplémentaires sur les documents RH que nous avons accessoriés pour cette demande.

Cliquez ici pour vérifier/confirmer.

Cordialement,
[Votre nom]","curiosite","Responsable RH"
"OBJET : Validation des virements fournisseurs","
Amine Tazi,
Comptable senior,

J'ai le plaisir de vous écrire aujourd'hui pour vous informer que la validation de virements fournisseurs a été effectuée avec succès. Votre expertise et votre rigueur ont été admirables, et nous sommes convaincus que nos échanges ont favorisé une compréhension mutuelle et une relation de travail solidaire.

Nous nous excusons pour toute perturbation potentielles que ces validations ont pu causer et nous vous remercions pour votre disponibilité et votre engagement pour le bien-être de notre entreprise.

Cliquez ici pour vérifier/confirmer.","reciprocite","Comptable senior"
"OBJET: Organisation du Comité de Direction de l'Exercice","
CORPS

Cher Nadia,

J'espère que vous êtes bien. J'aimerais vous communiquer rapidement les prochains détails concernant l'organisation du Comité de Direction de l'exercice test d'ingénierie sociale autorisé.

Nous avons convenu de laisser les 4 jours suivants pour préparer l'environnement de lab, les conditions de sécurité et les exigences techniques. Il est important de noter que nous avons également décidé de prendre en compte les spécifications des participants pour garantir une expérience sûre et agréable.

Concernant les détails réels, je vous propose de prendre le 3ème jour pour organiser les sessions de révision des documents techniques, les séances de test et les réunions de comité. Nous avons également décision de mettre en place un système de notation pour évaluer les performances des participants.

Enfin, je vous rappelle que la confiance est un élément essentiel dans un tel contexte. Nous avons donc décidé de mettre en place une ligne directrice claire pour garantir la cohérence et la transparence dans la prise de décision.

Je vous remercie de prendre en compte ces révisions et je suis ravi de vous voir bientôt pour discuter des détails.

Cliquez ici pour vérifier/confirmer.

Cordialement,
[Votre Nom]","routine","Assistante de direction"
"OBJET: mise à jour des accès VPN","
Corps:

Madame Karim Ouazzani,
Ingénieur réseau,
[Téléphone du centre]
[Ville, Code postal]

Cher Karim,

J'ai pris le plaisir de vous contacter pour vous informer que les données de sécurité de notre environnement de lab sont en cours de mise à jour. Notre équipe de techniciens a mis en œuvre les dernières fonctionnalités de sécurité pour garantir la confidentialité et la sécurité de vos données personnelles.

Nous avons effectué des mises à jour sur le système de protection des données, nous avons renforcé le chiffrement des données et nous avons mis en place des mécanismes de contrôle d'accès plus efficaces. Nous vous assurenons que vos données sont en sécurité et protégées conformément aux réglementations de sécurité.

Pour vous assurer de savoir que les mises à jour sont bien réalisées, je vous recommande de vérifier vos données en utilisant la fonction de vérification des données (ou VPN) qui permettra de vous montrer si les changements sont bien effectués. Vous pouvez y accéder en cliant ci-dessous [lien vers le PFE VPN].

Cliquez ici pour vérifier/confirmer.

Cordialement,
[Votre nom]
Générateur de contenu.","routine","Ingénieur réseau"
